ISO-10303-21;
HEADER;
FILE_DESCRIPTION (( 'STEP AP203' ),
    '1' );
FILE_NAME ('box.STEP',
    '2026-08-30T06:36:06',
    ( '' ),
    ( '' ),
    'SwSTEP 2.0',
    'SolidWorks 2021',
    '' );
FILE_SCHEMA (( 'CONFIG_CONTROL_DESIGN' ));
ENDSEC;

DATA;
#1 = ORIENTED_EDGE ( 'NONE', *, *, #165, .F. ) ;
#2 = DIRECTION ( 'NONE',  ( 0.000000000000000000, -0.000000000000000000, -1.000000000000000000 ) ) ;
#3 = CARTESIAN_POINT ( 'NONE',  ( 35.50000000000000000, 2.000000000000000000, -35.50000000000001421 ) ) ;
#4 = ORIENTED_EDGE ( 'NONE', *, *, #1592, .F. ) ;
#5 = CARTESIAN_POINT ( 'NONE',  ( -35.50000000000000000, 3.536156973926000813, -2.549964439927989268 ) ) ;
#6 = CARTESIAN_POINT ( 'NONE',  ( -38.00000000000000000, 13.00000000000000000, -38.00000000000000000 ) ) ;
#7 = ORIENTED_EDGE ( 'NONE', *, *, #1421, .T. ) ;
#8 = CARTESIAN_POINT ( 'NONE',  ( -25.00000000000000000, 0.000000000000000000, 25.00000000000000000 ) ) ;
#9 = DIRECTION ( 'NONE',  ( 0.000000000000000000, -1.000000000000000000, 0.000000000000000000 ) ) ;
#10 = CARTESIAN_POINT ( 'NONE',  ( -35.50000000000000000, 2.586156876947001582, 24.75009652019301143 ) ) ;
#11 = CC_DESIGN_PERSON_AND_ORGANIZATION_ASSIGNMENT ( #1514, #89, ( #1612 ) ) ;
#12 = FACE_OUTER_BOUND ( 'NONE', #1122, .T. ) ;
#13 = VECTOR ( 'NONE', #341, 1000.000000000000000 ) ;
#14 = DIRECTION ( 'NONE',  ( 1.000000000000000000, -0.000000000000000000, -0.000000000000000000 ) ) ;
#15 = ADVANCED_FACE ( 'NONE', ( #1385 ), #550, .F. ) ;
#16 = ORIENTED_EDGE ( 'NONE', *, *, #60, .F. ) ;
#17 = ORIENTED_EDGE ( 'NONE', *, *, #572, .T. ) ;
#18 = CIRCLE ( 'NONE', #1287, 1.600000000000000755 ) ;
#19 = DIRECTION ( 'NONE',  ( 1.000000000000000000, -0.000000000000000000, -0.000000000000000000 ) ) ;
#20 = AXIS2_PLACEMENT_3D ( 'NONE', #1479, #878, #616 ) ;
#21 = FACE_OUTER_BOUND ( 'NONE', #356, .T. ) ;
#22 = CARTESIAN_POINT ( 'NONE',  ( 38.00000000000000000, 2.544734893199342096, 1.228794544195689786 ) ) ;
#23 = AXIS2_PLACEMENT_3D ( 'NONE', #939, #220, #1223 ) ;
#24 = DIRECTION ( 'NONE',  ( -3.304235192336768116E-16, -0.000000000000000000, 1.000000000000000000 ) ) ;
#25 = DIRECTION ( 'NONE',  ( 0.000000000000000000, -1.697856710296495325E-17, 1.000000000000000000 ) ) ;
#26 = DIRECTION ( 'NONE',  ( 1.000000000000000000, -0.000000000000000000, -0.000000000000000000 ) ) ;
#27 = VERTEX_POINT ( 'NONE', #542 ) ;
#28 = AXIS2_PLACEMENT_3D ( 'NONE', #1179, #464, #299 ) ;
#29 = CARTESIAN_POINT ( 'NONE',  ( -38.00099999999999767, 2.544734893199342096, 1.228794544195689786 ) ) ;
#30 = DIRECTION ( 'NONE',  ( 1.000000000000000000, -0.000000000000000000, -9.773090005503139098E-17 ) ) ;
#31 = CARTESIAN_POINT ( 'NONE',  ( -25.00000000000000355, 0.000000000000000000, 35.50000000000002132 ) ) ;
#32 = AXIS2_PLACEMENT_3D ( 'NONE', #392, #232, #535 ) ;
#33 = DIRECTION ( 'NONE',  ( 0.7071067811865506814, 8.518296759354403220E-17, 0.7071067811865443531 ) ) ;
#34 = ADVANCED_FACE ( 'NONE', ( #137 ), #1095, .F. ) ;
#35 = LINE ( 'NONE', #1157, #1215 ) ;
#36 = PLANE ( 'NONE',  #20 ) ;
#37 = DIRECTION ( 'NONE',  ( 0.000000000000000000, -0.000000000000000000, 1.000000000000000000 ) ) ;
#38 = ORIENTED_EDGE ( 'NONE', *, *, #326, .T. ) ;
#39 = ORIENTED_EDGE ( 'NONE', *, *, #1575, .F. ) ;
#40 = ORIENTED_EDGE ( 'NONE', *, *, #380, .F. ) ;
#41 = VECTOR ( 'NONE', #747, 1000.000000000000000 ) ;
#42 = CARTESIAN_POINT ( 'NONE',  ( 29.99999999999999645, 0.000000000000000000, -30.00000000000000355 ) ) ;
#43 = DIRECTION ( 'NONE',  ( -1.000000000000000000, 0.000000000000000000, 1.954618001100627820E-16 ) ) ;
#44 = DIRECTION ( 'NONE',  ( -0.000000000000000000, 1.000000000000000000, -0.000000000000000000 ) ) ;
#45 = AXIS2_PLACEMENT_3D ( 'NONE', #454, #1410, #414 ) ;
#46 = DIRECTION ( 'NONE',  ( 1.000000000000000000, -0.000000000000000000, -0.000000000000000000 ) ) ;
#47 = LINE ( 'NONE', #1311, #458 ) ;
#48 = CARTESIAN_POINT ( 'NONE',  ( 38.00000000000000000, 13.00000000000000000, -38.00000000000001421 ) ) ;
#49 = CARTESIAN_POINT ( 'NONE',  ( -25.00000000000000355, 0.000000000000000000, 35.50000000000002132 ) ) ;
#50 = ORIENTED_EDGE ( 'NONE', *, *, #1115, .T. ) ;
#51 = VERTEX_POINT ( 'NONE', #967 ) ;
#52 = LINE ( 'NONE', #483, #1622 ) ;
#53 = CARTESIAN_POINT ( 'NONE',  ( -25.00000000000000000, 0.000000000000000000, 25.00000000000000000 ) ) ;
#54 = FACE_OUTER_BOUND ( 'NONE', #408, .T. ) ;
#55 = ADVANCED_FACE ( 'NONE', ( #1536 ), #128, .F. ) ;
#56 = AXIS2_PLACEMENT_3D ( 'NONE', #1451, #206, #37 ) ;
#57 = DIRECTION ( 'NONE',  ( 0.000000000000000000, 0.000000000000000000, 1.000000000000000000 ) ) ;
#58 = CARTESIAN_POINT ( 'NONE',  ( -30.00000000000000355, 2.000000000000000000, 30.00000000000001066 ) ) ;
#59 = DIRECTION ( 'NONE',  ( 0.000000000000000000, -1.000000000000000000, 0.000000000000000000 ) ) ;
#60 = EDGE_CURVE ( 'NONE', #1502, #1670, #1683, .T. ) ;
#61 = DIRECTION ( 'NONE',  ( -0.000000000000000000, 1.000000000000000000, -0.000000000000000000 ) ) ;
#62 = VERTEX_POINT ( 'NONE', #1543 ) ;
#63 = CARTESIAN_POINT ( 'NONE',  ( 35.49999999999998579, 2.000000000000000000, 25.00000000000000000 ) ) ;
#64 = DIRECTION ( 'NONE',  ( -1.000000000000000000, 0.000000000000000000, 0.000000000000000000 ) ) ;
#65 = LINE ( 'NONE', #1194, #424 ) ;
#66 = LINE ( 'NONE', #493, #1647 ) ;
#67 = DIRECTION ( 'NONE',  ( -0.000000000000000000, 0.000000000000000000, 1.000000000000000000 ) ) ;
#68 = ORIENTED_EDGE ( 'NONE', *, *, #212, .F. ) ;
#69 = DIRECTION ( 'NONE',  ( 0.000000000000000000, 1.000000000000000000, 0.000000000000000000 ) ) ;
#70 = EDGE_CURVE ( 'NONE', #383, #231, #578, .T. ) ;
#71 = ADVANCED_FACE ( 'NONE', ( #1419 ), #1401, .F. ) ;
#72 = CARTESIAN_POINT ( 'NONE',  ( 35.50000000000000000, 11.42757760567431013, -26.77126387592131351 ) ) ;
#73 = DIRECTION ( 'NONE',  ( 0.000000000000000000, 1.000000000000000000, 0.000000000000000000 ) ) ;
#74 = EDGE_CURVE ( 'NONE', #403, #1240, #309, .T. ) ;
#75 = ORIENTED_EDGE ( 'NONE', *, *, #1477, .T. ) ;
#76 = ORIENTED_EDGE ( 'NONE', *, *, #1015, .T. ) ;
#77 = DIRECTION ( 'NONE',  ( -0.000000000000000000, 0.000000000000000000, -1.000000000000000000 ) ) ;
#78 = LINE ( 'NONE', #1787, #761 ) ;
#79 = CARTESIAN_POINT ( 'NONE',  ( 25.00000000000000000, 2.000000000000000000, -25.00000000000000000 ) ) ;
#80 = CALENDAR_DATE ( 2026, 30, 8 ) ;
#81 = VECTOR ( 'NONE', #1285, 1000.000000000000000 ) ;
#82 = EDGE_CURVE ( 'NONE', #363, #891, #292, .T. ) ;
#83 = ORIENTED_EDGE ( 'NONE', *, *, #1277, .F. ) ;
#84 = EDGE_LOOP ( 'NONE', ( #703, #784, #1014, #129 ) ) ;
#85 = ORIENTED_EDGE ( 'NONE', *, *, #1423, .F. ) ;
#86 = DIRECTION ( 'NONE',  ( -0.000000000000000000, 1.000000000000000000, -0.000000000000000000 ) ) ;
#87 = CARTESIAN_POINT ( 'NONE',  ( -38.00099999999999767, 3.536156973926000813, 2.550035560071011176 ) ) ;
#88 = FACE_OUTER_BOUND ( 'NONE', #396, .T. ) ;
#89 = PERSON_AND_ORGANIZATION_ROLE ( 'creator' ) ;
#90 = VERTEX_POINT ( 'NONE', #1835 ) ;
#91 = VERTEX_POINT ( 'NONE', #1699 ) ;
#92 = ORIENTED_EDGE ( 'NONE', *, *, #161, .F. ) ;
#93 = DIRECTION ( 'NONE',  ( 1.000000000000000000, -0.000000000000000000, -9.773090005503139098E-17 ) ) ;
#94 =( NAMED_UNIT ( * ) SI_UNIT ( $, .STERADIAN. ) SOLID_ANGLE_UNIT ( ) );
#95 = DIRECTION ( 'NONE',  ( 0.7071067811865505703, 0.7071067811865444641, 0.000000000000000000 ) ) ;
#96 = ORIENTED_EDGE ( 'NONE', *, *, #497, .T. ) ;
#97 = EDGE_LOOP ( 'NONE', ( #1823, #689, #1247, #417 ) ) ;
#98 = ORIENTED_EDGE ( 'NONE', *, *, #863, .T. ) ;
#99 = DIRECTION ( 'NONE',  ( 0.000000000000000000, 0.000000000000000000, 1.000000000000000000 ) ) ;
#100 = EDGE_CURVE ( 'NONE', #901, #294, #1707, .T. ) ;
#101 = EDGE_CURVE ( 'NONE', #107, #948, #877, .T. ) ;
#102 = CARTESIAN_POINT ( 'NONE',  ( 0.000000000000000000, 2.000000000000000000, 0.000000000000000000 ) ) ;
#103 = VECTOR ( 'NONE', #1748, 1000.000000000000000 ) ;
#104 = AXIS2_PLACEMENT_3D ( 'NONE', #1158, #775, #1331 ) ;
#105 = ORIENTED_EDGE ( 'NONE', *, *, #771, .T. ) ;
#106 = EDGE_CURVE ( 'NONE', #948, #892, #1261, .T. ) ;
#107 = VERTEX_POINT ( 'NONE', #588 ) ;
#108 = VERTEX_POINT ( 'NONE', #283 ) ;
#109 = EDGE_LOOP ( 'NONE', ( #534, #1444, #1260, #1736 ) ) ;
#110 = ADVANCED_FACE ( 'NONE', ( #853 ), #171, .F. ) ;
#111 = DIRECTION ( 'NONE',  ( 0.000000000000000000, 1.000000000000000000, 0.000000000000000000 ) ) ;
#112 = FACE_BOUND ( 'NONE', #934, .T. ) ;
#113 = ORIENTED_EDGE ( 'NONE', *, *, #240, .T. ) ;
#114 = DIRECTION ( 'NONE',  ( 0.5773502691896224004, -0.5773502691896273964, -0.5773502691896273964 ) ) ;
#115 = CALENDAR_DATE ( 2026, 30, 8 ) ;
#116 = AXIS2_PLACEMENT_3D ( 'NONE', #1273, #1000, #719 ) ;
#117 = VECTOR ( 'NONE', #9, 1000.000000000000000 ) ;
#118 = ORIENTED_EDGE ( 'NONE', *, *, #640, .T. ) ;
#119 = ORIENTED_EDGE ( 'NONE', *, *, #756, .F. ) ;
#120 = DIRECTION ( 'NONE',  ( 0.000000000000000000, 1.000000000000000000, 0.000000000000000000 ) ) ;
#121 = CARTESIAN_POINT ( 'NONE',  ( 35.49999999999998579, 0.000000000000000000, 25.00000000000000000 ) ) ;
#122 = ORIENTED_EDGE ( 'NONE', *, *, #1692, .T. ) ;
#123 = EDGE_CURVE ( 'NONE', #1264, #1776, #843, .T. ) ;
#124 = DIRECTION ( 'NONE',  ( 0.000000000000000000, 0.000000000000000000, -1.000000000000000000 ) ) ;
#125 = LINE ( 'NONE', #293, #793 ) ;
#126 = AXIS2_PLACEMENT_3D ( 'NONE', #1187, #213, #786 ) ;
#127 = ADVANCED_FACE ( 'NONE', ( #12 ), #1135, .F. ) ;
#128 = PLANE ( 'NONE',  #1074 ) ;
#129 = ORIENTED_EDGE ( 'NONE', *, *, #1453, .F. ) ;
#130 = CIRCLE ( 'NONE', #268, 1.600000000000000755 ) ;
#131 = AXIS2_PLACEMENT_3D ( 'NONE', #228, #956, #1352 ) ;
#132 = FACE_OUTER_BOUND ( 'NONE', #427, .T. ) ;
#133 = CARTESIAN_POINT ( 'NONE',  ( -25.00000000000000000, 0.000000000000000000, 25.00000000000000000 ) ) ;
#134 = ORIENTED_EDGE ( 'NONE', *, *, #322, .F. ) ;
#135 = FACE_OUTER_BOUND ( 'NONE', #498, .T. ) ;
#136 = LINE ( 'NONE', #146, #674 ) ;
#137 = FACE_OUTER_BOUND ( 'NONE', #991, .T. ) ;
#138 = VECTOR ( 'NONE', #415, 1000.000000000000000 ) ;
#139 = VERTEX_POINT ( 'NONE', #975 ) ;
#140 = ADVANCED_FACE ( 'NONE', ( #1128 ), #704, .F. ) ;
#141 = APPLICATION_CONTEXT ( 'configuration controlled 3d designs of mechanical parts and assemblies' ) ;
#142 = FACE_OUTER_BOUND ( 'NONE', #551, .T. ) ;
#143 = CARTESIAN_POINT ( 'NONE',  ( 25.00000000000000000, 0.000000000000000000, -25.00000000000000000 ) ) ;
#144 = ORIENTED_EDGE ( 'NONE', *, *, #977, .T. ) ;
#145 = DIRECTION ( 'NONE',  ( -0.000000000000000000, 1.000000000000000000, -0.000000000000000000 ) ) ;
#146 = CARTESIAN_POINT ( 'NONE',  ( 35.50000000000000000, 2.000000000000000000, 35.49999999999998579 ) ) ;
#147 = EDGE_LOOP ( 'NONE', ( #96, #1662, #144, #543 ) ) ;
#148 = ADVANCED_FACE ( 'NONE', ( #135 ), #300, .F. ) ;
#149 = CARTESIAN_POINT ( 'NONE',  ( 0.000000000000000000, 13.00000000000000000, 0.000000000000000000 ) ) ;
#150 = FACE_BOUND ( 'NONE', #1214, .T. ) ;
#151 = VERTEX_POINT ( 'NONE', #715 ) ;
#152 = DIRECTION ( 'NONE',  ( -0.000000000000000000, -0.000000000000000000, -1.000000000000000000 ) ) ;
#153 = CARTESIAN_POINT ( 'NONE',  ( -30.00000000000000355, 2.000000000000000000, -29.99999999999999289 ) ) ;
#154 = ORIENTED_EDGE ( 'NONE', *, *, #100, .F. ) ;
#155 = ORIENTED_EDGE ( 'NONE', *, *, #1169, .T. ) ;
#156 = DIRECTION ( 'NONE',  ( 1.000000000000000000, -0.000000000000000000, -0.000000000000000000 ) ) ;
#157 = LINE ( 'NONE', #559, #1066 ) ;
#158 = DIRECTION ( 'NONE',  ( 0.000000000000000000, 0.000000000000000000, -1.000000000000000000 ) ) ;
#159 = DIRECTION ( 'NONE',  ( 1.000000000000000000, -0.000000000000000000, -0.000000000000000000 ) ) ;
#160 = LINE ( 'NONE', #730, #1800 ) ;
#161 = EDGE_CURVE ( 'NONE', #1491, #107, #432, .T. ) ;
#162 = CARTESIAN_POINT ( 'NONE',  ( -35.50000000000000000, 0.000000000000000000, 25.00000000000000000 ) ) ;
#163 = EDGE_LOOP ( 'NONE', ( #1131, #1405, #1371, #1837, #420, #1353, #525, #1807 ) ) ;
#164 = EDGE_LOOP ( 'NONE', ( #1627, #1792, #365, #1424 ) ) ;
#165 = EDGE_CURVE ( 'NONE', #792, #818, #1563, .T. ) ;
#166 = VECTOR ( 'NONE', #1044, 1000.000000000000000 ) ;
#167 = LINE ( 'NONE', #265, #1290 ) ;
#168 = DIRECTION ( 'NONE',  ( 1.000000000000000000, -0.000000000000000000, -0.000000000000000000 ) ) ;
#169 = DIRECTION ( 'NONE',  ( 0.000000000000000000, 0.000000000000000000, 1.000000000000000000 ) ) ;
#170 = VECTOR ( 'NONE', #495, 1000.000000000000000 ) ;
#171 = PLANE ( 'NONE',  #45 ) ;
#172 = VECTOR ( 'NONE', #1459, 1000.000000000000000 ) ;
#173 = CARTESIAN_POINT ( 'NONE',  ( 25.00000000000000000, 0.000000000000000000, -25.00000000000000000 ) ) ;
#174 = LINE ( 'NONE', #336, #705 ) ;
#175 = ORIENTED_EDGE ( 'NONE', *, *, #1613, .F. ) ;
#176 = VECTOR ( 'NONE', #624, 1000.000000000000000 ) ;
#177 = DIRECTION ( 'NONE',  ( -1.000000000000000000, 0.000000000000000000, 0.000000000000000000 ) ) ;
#178 = CARTESIAN_POINT ( 'NONE',  ( 29.99999999999999645, 2.000000000000000000, 29.99999999999999645 ) ) ;
#179 = CARTESIAN_POINT ( 'NONE',  ( 35.50000000000000000, 13.00000000000000000, -35.50000000000001421 ) ) ;
#180 = CARTESIAN_POINT ( 'NONE',  ( 29.99999999999999645, 0.000000000000000000, -30.00000000000000355 ) ) ;
#181 = CARTESIAN_POINT ( 'NONE',  ( 29.99999999999999645, 2.000000000000000000, -28.40000000000000213 ) ) ;
#182 = CARTESIAN_POINT ( 'NONE',  ( -38.00099999999999767, 2.000000000000004441, -24.99999999999999645 ) ) ;
#183 = CARTESIAN_POINT ( 'NONE',  ( 35.50000000000000000, 2.000000000000000000, 35.49999999999998579 ) ) ;
#184 = VERTEX_POINT ( 'NONE', #1144 ) ;
#185 = ORIENTED_EDGE ( 'NONE', *, *, #727, .F. ) ;
#186 = ORIENTED_EDGE ( 'NONE', *, *, #241, .F. ) ;
#187 = ADVANCED_FACE ( 'NONE', ( #1721 ), #1468, .F. ) ;
#188 = CIRCLE ( 'NONE', #1641, 1.600000000000000755 ) ;
#189 = LINE ( 'NONE', #1595, #733 ) ;
#190 = CARTESIAN_POINT ( 'NONE',  ( -38.00000000000000000, 2.586156876947001582, 10.25009652019400974 ) ) ;
#191 = DIRECTION ( 'NONE',  ( 0.000000000000000000, -1.000000000000000000, 0.000000000000000000 ) ) ;
#192 = EDGE_CURVE ( 'NONE', #527, #1686, #614, .T. ) ;
#193 = CARTESIAN_POINT ( 'NONE',  ( -38.00099999999999767, 9.000000000000007105, -10.00000000000000178 ) ) ;
#194 = CARTESIAN_POINT ( 'NONE',  ( -38.00099999999999767, 9.000000000000005329, -25.00000000000000000 ) ) ;
#195 = VECTOR ( 'NONE', #1211, 1000.000000000000000 ) ;
#196 = CARTESIAN_POINT ( 'NONE',  ( -30.00000000000000355, 0.000000000000000000, -29.99999999999999289 ) ) ;
#197 = LINE ( 'NONE', #1324, #1499 ) ;
#198 = VERTEX_POINT ( 'NONE', #1448 ) ;
#199 = DIRECTION ( 'NONE',  ( -0.000000000000000000, 1.000000000000000000, -0.000000000000000000 ) ) ;
#200 = VECTOR ( 'NONE', #834, 1000.000000000000227 ) ;
#201 = VECTOR ( 'NONE', #1619, 1000.000000000000000 ) ;
#202 = PLANE ( 'NONE',  #504 ) ;
#203 = PLANE ( 'NONE',  #267 ) ;
#204 = CARTESIAN_POINT ( 'NONE',  ( 24.99999999999999645, 2.000000000000000000, -35.50000000000001421 ) ) ;
#205 = APPLICATION_CONTEXT ( 'configuration controlled 3d designs of mechanical parts and assemblies' ) ;
#206 = DIRECTION ( 'NONE',  ( 0.000000000000000000, 1.000000000000000000, 0.000000000000000000 ) ) ;
#207 = VERTEX_POINT ( 'NONE', #1168 ) ;
#208 = ADVANCED_FACE ( 'NONE', ( #764 ), #202, .F. ) ;
#209 = VECTOR ( 'NONE', #453, 1000.000000000000000 ) ;
#210 = DIRECTION ( 'NONE',  ( 0.000000000000000000, 0.000000000000000000, 1.000000000000000000 ) ) ;
#211 = AXIS2_PLACEMENT_3D ( 'NONE', #149, #120, #1705 ) ;
#212 = EDGE_CURVE ( 'NONE', #1485, #928, #476, .T. ) ;
#213 = DIRECTION ( 'NONE',  ( 0.000000000000000000, 1.000000000000000000, 0.000000000000000000 ) ) ;
#214 = CARTESIAN_POINT ( 'NONE',  ( 35.49999999999998579, 2.000000000000000000, -25.00000000000000000 ) ) ;
#215 = DIRECTION ( 'NONE',  ( -1.826024711554534160E-16, 0.000000000000000000, -1.000000000000000000 ) ) ;
#216 = ORIENTED_EDGE ( 'NONE', *, *, #1438, .F. ) ;
#217 = ORIENTED_EDGE ( 'NONE', *, *, #328, .F. ) ;
#218 = CARTESIAN_POINT ( 'NONE',  ( 38.00000000000000000, 13.00000000000000000, -38.00000000000001421 ) ) ;
#219 = LINE ( 'NONE', #1640, #1219 ) ;
#220 = DIRECTION ( 'NONE',  ( 9.773090005503139098E-17, 0.000000000000000000, 1.000000000000000000 ) ) ;
#221 = EDGE_LOOP ( 'NONE', ( #926, #1545, #1527, #606 ) ) ;
#222 = ORIENTED_EDGE ( 'NONE', *, *, #328, .T. ) ;
#223 = ORIENTED_EDGE ( 'NONE', *, *, #101, .T. ) ;
#224 = DIRECTION ( 'NONE',  ( 0.000000000000000000, 0.000000000000000000, 1.000000000000000000 ) ) ;
#225 = CARTESIAN_POINT ( 'NONE',  ( -30.00000000000000355, 2.000000000000000000, 28.40000000000000924 ) ) ;
#226 = VECTOR ( 'NONE', #1722, 1000.000000000000000 ) ;
#227 = DIRECTION ( 'NONE',  ( 0.000000000000000000, 1.000000000000000000, -4.956352788505163268E-16 ) ) ;
#228 = CARTESIAN_POINT ( 'NONE',  ( 0.000000000000000000, 0.000000000000000000, 0.000000000000000000 ) ) ;
#229 = VERTEX_POINT ( 'NONE', #1047 ) ;
#230 = ORIENTED_EDGE ( 'NONE', *, *, #789, .F. ) ;
#231 = VERTEX_POINT ( 'NONE', #749 ) ;
#232 = DIRECTION ( 'NONE',  ( 0.000000000000000000, 1.000000000000000000, 0.000000000000000000 ) ) ;
#233 = CARTESIAN_POINT ( 'NONE',  ( -35.50000000000000000, 2.000000000000002665, -10.00000000000000178 ) ) ;
#234 = DIRECTION ( 'NONE',  ( 0.000000000000000000, 1.000000000000000000, -0.000000000000000000 ) ) ;
#235 = PERSON_AND_ORGANIZATION ( #244, #698 ) ;
#236 = ORIENTED_EDGE ( 'NONE', *, *, #594, .T. ) ;
#237 = ORIENTED_EDGE ( 'NONE', *, *, #1812, .T. ) ;
#238 = ORIENTED_EDGE ( 'NONE', *, *, #326, .F. ) ;
#239 = EDGE_CURVE ( 'NONE', #814, #988, #1309, .T. ) ;
#240 = EDGE_CURVE ( 'NONE', #988, #383, #1041, .T. ) ;
#241 = EDGE_CURVE ( 'NONE', #1645, #1533, #350, .T. ) ;
#242 = FACE_OUTER_BOUND ( 'NONE', #745, .T. ) ;
#243 = DIRECTION ( 'NONE',  ( 0.000000000000000000, 0.000000000000000000, 1.000000000000000000 ) ) ;
#244 = PERSON ( '未指定', '未指定', '未指定', ('未指定'), ('未指定'), ('未指定') ) ;
#245 = ORIENTED_EDGE ( 'NONE', *, *, #1191, .T. ) ;
#246 = EDGE_LOOP ( 'NONE', ( #1562, #273, #798, #759 ) ) ;
#247 = EDGE_LOOP ( 'NONE', ( #1634, #1515, #722, #7 ) ) ;
#248 = ORIENTED_EDGE ( 'NONE', *, *, #101, .F. ) ;
#249 = VECTOR ( 'NONE', #1649, 1000.000000000000000 ) ;
#250 = CARTESIAN_POINT ( 'NONE',  ( -30.00000000000000355, 0.000000000000000000, -29.99999999999999289 ) ) ;
#251 = ORIENTED_EDGE ( 'NONE', *, *, #1517, .F. ) ;
#252 = LINE ( 'NONE', #297, #254 ) ;
#253 = PERSON_AND_ORGANIZATION_ROLE ( 'classification_officer' ) ;
#254 = VECTOR ( 'NONE', #1101, 1000.000000000000000 ) ;
#255 = VECTOR ( 'NONE', #1744, 1000.000000000000227 ) ;
#256 = VERTEX_POINT ( 'NONE', #913 ) ;
#257 = VECTOR ( 'NONE', #1481, 1000.000000000000000 ) ;
#258 = VERTEX_POINT ( 'NONE', #625 ) ;
#259 = ADVANCED_FACE ( 'NONE', ( #1032 ), #490, .F. ) ;
#260 = PRODUCT_DEFINITION ( '未知', '', #1612, #1172 ) ;
#261 = PLANE ( 'NONE',  #32 ) ;
#262 = CARTESIAN_POINT ( 'NONE',  ( -25.00000000000000355, 2.000000000000000000, 35.50000000000002132 ) ) ;
#263 = ORIENTED_EDGE ( 'NONE', *, *, #1575, .T. ) ;
#264 = EDGE_CURVE ( 'NONE', #1250, #527, #333, .T. ) ;
#265 = CARTESIAN_POINT ( 'NONE',  ( -38.00000000000000000, 9.000000000000005329, -25.00000000000000000 ) ) ;
#266 = APPROVAL_ROLE ( '' ) ;
#267 = AXIS2_PLACEMENT_3D ( 'NONE', #1048, #351, #1449 ) ;
#268 = AXIS2_PLACEMENT_3D ( 'NONE', #808, #1230, #99 ) ;
#269 = ORIENTED_EDGE ( 'NONE', *, *, #1770, .F. ) ;
#270 = ORIENTED_EDGE ( 'NONE', *, *, #1483, .F. ) ;
#271 = CARTESIAN_POINT ( 'NONE',  ( -35.50000000000000000, 13.00000000000000000, -35.50000000000000711 ) ) ;
#272 = FACE_BOUND ( 'NONE', #996, .T. ) ;
#273 = ORIENTED_EDGE ( 'NONE', *, *, #1222, .T. ) ;
#274 = DIRECTION ( 'NONE',  ( -0.000000000000000000, 1.000000000000000000, -0.000000000000000000 ) ) ;
#275 = DIRECTION ( 'NONE',  ( 0.000000000000000000, 1.000000000000000000, 0.000000000000000000 ) ) ;
#276 = EDGE_CURVE ( 'NONE', #644, #108, #484, .T. ) ;
#277 = CIRCLE ( 'NONE', #983, 1.600000000000000755 ) ;
#278 = DIRECTION ( 'NONE',  ( -0.000000000000000000, 1.000000000000000000, -0.000000000000000000 ) ) ;
#279 = VERTEX_POINT ( 'NONE', #1730 ) ;
#280 = LINE ( 'NONE', #1687, #1004 ) ;
#281 = CARTESIAN_POINT ( 'NONE',  ( -25.00000000000000355, 2.000000000000000000, -25.00000000000000000 ) ) ;
#282 = ORIENTED_EDGE ( 'NONE', *, *, #1356, .F. ) ;
#283 = CARTESIAN_POINT ( 'NONE',  ( -35.50000000000000000, 2.000000000000004441, -24.99999999999999645 ) ) ;
#284 = CARTESIAN_POINT ( 'NONE',  ( -38.00000000000000000, 13.00000000000000000, 38.00000000000000000 ) ) ;
#285 = CC_DESIGN_PERSON_AND_ORGANIZATION_ASSIGNMENT ( #1368, #253, ( #1465 ) ) ;
#286 = CIRCLE ( 'NONE', #1623, 1.600000000000000755 ) ;
#287 = ORIENTED_EDGE ( 'NONE', *, *, #1483, .T. ) ;
#288 = PRODUCT ( 'box', 'box', '', ( #387 ) ) ;
#289 = DIRECTION ( 'NONE',  ( 0.000000000000000000, -1.000000000000000000, -1.697856710296495325E-17 ) ) ;
#290 = CARTESIAN_POINT ( 'NONE',  ( 35.50000000000000000, 2.544734893199338988, -1.228421163448338627 ) ) ;
#291 = ORIENTED_EDGE ( 'NONE', *, *, #923, .F. ) ;
#292 = LINE ( 'NONE', #1690, #425 ) ;
#293 = CARTESIAN_POINT ( 'NONE',  ( 35.50000000000000000, 2.544734893199339432, -26.77126387592131351 ) ) ;
#294 = VERTEX_POINT ( 'NONE', #465 ) ;
#295 = ORIENTED_EDGE ( 'NONE', *, *, #1558, .T. ) ;
#296 = EDGE_CURVE ( 'NONE', #1454, #108, #1591, .T. ) ;
#297 = CARTESIAN_POINT ( 'NONE',  ( -35.50000000000000000, 0.000000000000000000, -25.00000000000000000 ) ) ;
#298 = PLANE ( 'NONE',  #511 ) ;
#299 = DIRECTION ( 'NONE',  ( 0.000000000000000000, 0.000000000000000000, 1.000000000000000000 ) ) ;
#300 = CYLINDRICAL_SURFACE ( 'NONE', #1530, 1.600000000000000755 ) ;
#301 = DIRECTION ( 'NONE',  ( -0.000000000000000000, -1.000000000000000000, 1.204669080539783870E-16 ) ) ;
#302 = CARTESIAN_POINT ( 'NONE',  ( -38.00000000000000000, 13.00000000000000000, -38.00000000000000000 ) ) ;
#303 = ORIENTED_EDGE ( 'NONE', *, *, #1340, .T. ) ;
#304 = EDGE_CURVE ( 'NONE', #1566, #1689, #1329, .T. ) ;
#305 = ORIENTED_EDGE ( 'NONE', *, *, #1436, .T. ) ;
#306 = DIRECTION ( 'NONE',  ( 1.000000000000000000, -0.000000000000000000, -0.000000000000000000 ) ) ;
#307 = CARTESIAN_POINT ( 'NONE',  ( 35.50000000000000000, 2.000000000000000000, 35.49999999999998579 ) ) ;
#308 = PLANE ( 'NONE',  #510 ) ;
#309 = LINE ( 'NONE', #5, #1364 ) ;
#310 = CARTESIAN_POINT ( 'NONE',  ( 38.00000000000000000, 2.544734893199342540, 26.77163725666866156 ) ) ;
#311 = CARTESIAN_POINT ( 'NONE',  ( 38.00000000000000000, 11.42757760567431369, 1.228794544195693783 ) ) ;
#312 = EDGE_LOOP ( 'NONE', ( #708, #481, #1412, #269 ) ) ;
#313 = VERTEX_POINT ( 'NONE', #416 ) ;
#314 = VECTOR ( 'NONE', #335, 1000.000000000000000 ) ;
#315 = CARTESIAN_POINT ( 'NONE',  ( 35.49999999999998579, 2.000000000000000000, 25.00000000000000000 ) ) ;
#316 = CARTESIAN_POINT ( 'NONE',  ( -38.00000000000000000, 12.99999999999999645, 4.050035560071024499 ) ) ;
#317 = CARTESIAN_POINT ( 'NONE',  ( -38.00099999999999767, 2.544734893199339432, -26.77126387592131351 ) ) ;
#318 = ADVANCED_FACE ( 'NONE', ( #242 ), #1671, .F. ) ;
#319 = VECTOR ( 'NONE', #1069, 1000.000000000000000 ) ;
#320 = CARTESIAN_POINT ( 'NONE',  ( -38.00099999999999767, 2.000000000000004441, -24.99999999999999645 ) ) ;
#321 = CARTESIAN_POINT ( 'NONE',  ( 24.99999999999999645, 2.000000000000000000, 25.00000000000000000 ) ) ;
#322 = EDGE_CURVE ( 'NONE', #892, #1354, #1522, .T. ) ;
#323 = CYLINDRICAL_SURFACE ( 'NONE', #1344, 1.600000000000000755 ) ;
#324 = DIRECTION ( 'NONE',  ( 0.000000000000000000, 0.000000000000000000, -1.000000000000000000 ) ) ;
#325 = ORIENTED_EDGE ( 'NONE', *, *, #655, .F. ) ;
#326 = EDGE_CURVE ( 'NONE', #544, #837, #954, .T. ) ;
#327 = ORIENTED_EDGE ( 'NONE', *, *, #123, .T. ) ;
#328 = EDGE_CURVE ( 'NONE', #1454, #1250, #1366, .T. ) ;
#329 = ORIENTED_EDGE ( 'NONE', *, *, #1245, .T. ) ;
#330 = LINE ( 'NONE', #1598, #673 ) ;
#331 = DIRECTION ( 'NONE',  ( 0.000000000000000000, 1.000000000000000000, 0.000000000000000000 ) ) ;
#332 = CARTESIAN_POINT ( 'NONE',  ( 38.00099999999999767, 2.586156876947001582, 10.25009652019400974 ) ) ;
#333 = LINE ( 'NONE', #1750, #172 ) ;
#334 = DIRECTION ( 'NONE',  ( -0.5773502691896222894, -0.5773502691896276184, 0.5773502691896273964 ) ) ;
#335 = DIRECTION ( 'NONE',  ( 1.000000000000000000, -0.000000000000000000, -1.826024711554533913E-16 ) ) ;
#336 = CARTESIAN_POINT ( 'NONE',  ( -38.00000000000000000, 2.000000000000004441, -24.99999999999999645 ) ) ;
#337 = ORIENTED_EDGE ( 'NONE', *, *, #1829, .F. ) ;
#338 = EDGE_CURVE ( 'NONE', #470, #1586, #683, .T. ) ;
#339 = ORIENTED_EDGE ( 'NONE', *, *, #82, .T. ) ;
#340 = CARTESIAN_POINT ( 'NONE',  ( -35.50000000000000000, 2.000000000000000000, 35.49999999999999289 ) ) ;
#341 = DIRECTION ( 'NONE',  ( 1.000000000000000000, -0.000000000000000000, -0.000000000000000000 ) ) ;
#342 = FACE_BOUND ( 'NONE', #1714, .T. ) ;
#343 = VECTOR ( 'NONE', #1299, 1000.000000000000000 ) ;
#344 = DIRECTION ( 'NONE',  ( 1.000000000000000000, -0.000000000000000000, -0.000000000000000000 ) ) ;
#345 = LINE ( 'NONE', #1402, #768 ) ;
#346 = APPROVAL ( #1644, '未指定' ) ;
#347 = ORIENTED_EDGE ( 'NONE', *, *, #1265, .F. ) ;
#348 = ADVANCED_FACE ( 'NONE', ( #1238 ), #665, .F. ) ;
#349 = AXIS2_PLACEMENT_3D ( 'NONE', #42, #904, #1185 ) ;
#350 = LINE ( 'NONE', #1759, #736 ) ;
#351 = DIRECTION ( 'NONE',  ( 0.000000000000000000, 1.000000000000000000, 0.000000000000000000 ) ) ;
#352 = AXIS2_PLACEMENT_3D ( 'NONE', #362, #215, #788 ) ;
#353 = FACE_OUTER_BOUND ( 'NONE', #1735, .T. ) ;
#354 = VECTOR ( 'NONE', #1616, 1000.000000000000000 ) ;
#355 = CARTESIAN_POINT ( 'NONE',  ( -38.00099999999999767, 3.536156973926000813, -2.549964439927989268 ) ) ;
#356 = EDGE_LOOP ( 'NONE', ( #1417, #1511, #1175, #1509 ) ) ;
#357 = ORIENTED_EDGE ( 'NONE', *, *, #573, .T. ) ;
#358 = AXIS2_PLACEMENT_3D ( 'NONE', #1108, #412, #1541 ) ;
#359 = VECTOR ( 'NONE', #30, 1000.000000000000000 ) ;
#360 = DIRECTION ( 'NONE',  ( 0.000000000000000000, 1.000000000000000000, -1.156482317317871478E-16 ) ) ;
#361 =( NAMED_UNIT ( * ) PLANE_ANGLE_UNIT ( ) SI_UNIT ( $, .RADIAN. ) );
#362 = CARTESIAN_POINT ( 'NONE',  ( 38.00000000000000000, 13.00000000000000000, 37.99999999999998579 ) ) ;
#363 = VERTEX_POINT ( 'NONE', #1210 ) ;
#364 = EDGE_CURVE ( 'NONE', #1663, #1747, #658, .T. ) ;
#365 = ORIENTED_EDGE ( 'NONE', *, *, #1692, .F. ) ;
#366 = ORIENTED_EDGE ( 'NONE', *, *, #192, .F. ) ;
#367 = CIRCLE ( 'NONE', #1310, 1.600000000000000755 ) ;
#368 = AXIS2_PLACEMENT_3D ( 'NONE', #1552, #984, #1001 ) ;
#369 = CARTESIAN_POINT ( 'NONE',  ( 35.50000000000000000, 2.000000000000000000, -35.50000000000001421 ) ) ;
#370 = DIRECTION ( 'NONE',  ( -0.000000000000000000, -0.000000000000000000, 1.000000000000000000 ) ) ;
#371 = DIRECTION ( 'NONE',  ( 1.000000000000000000, 0.000000000000000000, -0.000000000000000000 ) ) ;
#372 = APPROVAL_ROLE ( '' ) ;
#373 = ORIENTED_EDGE ( 'NONE', *, *, #806, .T. ) ;
#374 = ORIENTED_EDGE ( 'NONE', *, *, #1241, .T. ) ;
#375 = EDGE_LOOP ( 'NONE', ( #661, #1100 ) ) ;
#376 = CARTESIAN_POINT ( 'NONE',  ( -25.00000000000000355, 0.000000000000000000, -25.00000000000000000 ) ) ;
#377 = CIRCLE ( 'NONE', #619, 1.600000000000000755 ) ;
#378 = PLANE ( 'NONE',  #23 ) ;
#379 = APPLICATION_PROTOCOL_DEFINITION ( 'international standard', 'config_control_design', 1994, #141 ) ;
#380 = EDGE_CURVE ( 'NONE', #1193, #960, #1279, .T. ) ;
#381 = ORIENTED_EDGE ( 'NONE', *, *, #986, .T. ) ;
#382 = ORIENTED_EDGE ( 'NONE', *, *, #239, .T. ) ;
#383 = VERTEX_POINT ( 'NONE', #794 ) ;
#384 = EDGE_CURVE ( 'NONE', #1747, #27, #130, .T. ) ;
#385 = DIRECTION ( 'NONE',  ( 0.000000000000000000, 1.000000000000000000, 0.000000000000000000 ) ) ;
#386 = PLANE ( 'NONE',  #735 ) ;
#387 = MECHANICAL_CONTEXT ( 'NONE', #205, 'mechanical' ) ;
#388 = ORIENTED_EDGE ( 'NONE', *, *, #522, .T. ) ;
#389 = ORIENTED_EDGE ( 'NONE', *, *, #1191, .F. ) ;
#390 = EDGE_LOOP ( 'NONE', ( #919, #1635, #216, #98 ) ) ;
#391 = ORIENTED_EDGE ( 'NONE', *, *, #1356, .T. ) ;
#392 = CARTESIAN_POINT ( 'NONE',  ( 0.000000000000000000, 2.000000000000000000, 0.000000000000000000 ) ) ;
#393 = CARTESIAN_POINT ( 'NONE',  ( -36.50000000000000000, 7.136156973925001701, -2.549964439927989268 ) ) ;
#394 = DATE_AND_TIME ( #115, #1161 ) ;
#395 = ADVANCED_FACE ( 'NONE', ( #1220, #1777 ), #961, .T. ) ;
#396 = EDGE_LOOP ( 'NONE', ( #1801, #1811, #1280, #963 ) ) ;
#397 = EDGE_CURVE ( 'NONE', #313, #516, #672, .T. ) ;
#398 = ORIENTED_EDGE ( 'NONE', *, *, #1577, .F. ) ;
#399 = ORIENTED_EDGE ( 'NONE', *, *, #1382, .F. ) ;
#400 = ADVANCED_FACE ( 'NONE', ( #1786, #520 ), #261, .T. ) ;
#401 = DIRECTION ( 'NONE',  ( 0.000000000000000000, -0.000000000000000000, 1.000000000000000000 ) ) ;
#402 = DIRECTION ( 'NONE',  ( -0.000000000000000000, 1.000000000000000000, -0.000000000000000000 ) ) ;
#403 = VERTEX_POINT ( 'NONE', #1665 ) ;
#404 = CARTESIAN_POINT ( 'NONE',  ( 35.50000000000000000, 2.000000000000000000, -35.50000000000001421 ) ) ;
#405 = PERSON_AND_ORGANIZATION_ROLE ( 'design_owner' ) ;
#406 = ORIENTED_EDGE ( 'NONE', *, *, #953, .T. ) ;
#407 = AXIS2_PLACEMENT_3D ( 'NONE', #1367, #234, #243 ) ;
#408 = EDGE_LOOP ( 'NONE', ( #1493, #1197, #105, #325 ) ) ;
#409 = AXIS2_PLACEMENT_3D ( 'NONE', #180, #1476, #210 ) ;
#410 = ADVANCED_FACE ( 'NONE', ( #512 ), #1341, .F. ) ;
#411 = CARTESIAN_POINT ( 'NONE',  ( 35.49999999999998579, 2.000000000000000000, -25.00000000000000000 ) ) ;
#412 = DIRECTION ( 'NONE',  ( -1.000000000000000000, 0.000000000000000000, 0.000000000000000000 ) ) ;
#413 = ORIENTED_EDGE ( 'NONE', *, *, #240, .F. ) ;
#414 = DIRECTION ( 'NONE',  ( 0.000000000000000000, -0.000000000000000000, 1.000000000000000000 ) ) ;
#415 = DIRECTION ( 'NONE',  ( -0.000000000000000000, -0.000000000000000000, 1.000000000000000000 ) ) ;
#416 = CARTESIAN_POINT ( 'NONE',  ( -35.50000000000000000, 2.000000000000000000, -35.50000000000000711 ) ) ;
#417 = ORIENTED_EDGE ( 'NONE', *, *, #444, .F. ) ;
#418 = PLANE ( 'NONE',  #833 ) ;
#419 = CARTESIAN_POINT ( 'NONE',  ( -30.00000000000000355, 0.000000000000000000, 31.60000000000000853 ) ) ;
#420 = ORIENTED_EDGE ( 'NONE', *, *, #1475, .F. ) ;
#421 = CC_DESIGN_DATE_AND_TIME_ASSIGNMENT ( #394, #1525, ( #260 ) ) ;
#422 = DIRECTION ( 'NONE',  ( 0.000000000000000000, 0.000000000000000000, -1.000000000000000000 ) ) ;
#423 = DIRECTION ( 'NONE',  ( -1.000000000000000000, 0.000000000000000000, 1.954618001100627820E-16 ) ) ;
#424 = VECTOR ( 'NONE', #334, 1000.000000000000000 ) ;
#425 = VECTOR ( 'NONE', #1119, 1000.000000000000000 ) ;
#426 = DIRECTION ( 'NONE',  ( 0.000000000000000000, 0.000000000000000000, -1.000000000000000000 ) ) ;
#427 = EDGE_LOOP ( 'NONE', ( #943, #1648, #1109, #1271 ) ) ;
#428 = CC_DESIGN_APPROVAL ( #1052, ( #1465 ) ) ;
#429 = CARTESIAN_POINT ( 'NONE',  ( -35.50000000000000000, 13.00000000000000000, 35.49999999999999289 ) ) ;
#430 = CARTESIAN_POINT ( 'NONE',  ( 25.00000000000000000, 0.000000000000000000, -25.00000000000000000 ) ) ;
#431 = ORIENTED_EDGE ( 'NONE', *, *, #364, .T. ) ;
#432 = LINE ( 'NONE', #1269, #1626 ) ;
#433 = LINE ( 'NONE', #6, #1026 ) ;
#434 = ADVANCED_FACE ( 'NONE', ( #647 ), #1203, .F. ) ;
#435 = VECTOR ( 'NONE', #124, 1000.000000000000000 ) ;
#436 = AXIS2_PLACEMENT_3D ( 'NONE', #153, #1270, #855 ) ;
#437 = VERTEX_POINT ( 'NONE', #369 ) ;
#438 = EDGE_CURVE ( 'NONE', #1597, #51, #938, .T. ) ;
#439 = FACE_OUTER_BOUND ( 'NONE', #390, .T. ) ;
#440 = CARTESIAN_POINT ( 'NONE',  ( -38.00099999999999767, 2.544734893199342540, 26.77163725666866156 ) ) ;
#441 = DIRECTION ( 'NONE',  ( -0.000000000000000000, -0.000000000000000000, 1.000000000000000000 ) ) ;
#442 = ADVANCED_FACE ( 'NONE', ( #1358 ), #298, .F. ) ;
#443 = CARTESIAN_POINT ( 'NONE',  ( -30.00000000000000355, 0.000000000000000000, 30.00000000000001066 ) ) ;
#444 = EDGE_CURVE ( 'NONE', #470, #1006, #1398, .T. ) ;
#445 = PLANE ( 'NONE',  #1055 ) ;
#446 = DIRECTION ( 'NONE',  ( -0.000000000000000000, 1.000000000000000000, -0.000000000000000000 ) ) ;
#447 = ORIENTED_EDGE ( 'NONE', *, *, #1243, .T. ) ;
#448 = VECTOR ( 'NONE', #1697, 1000.000000000000000 ) ;
#449 = ORIENTED_EDGE ( 'NONE', *, *, #524, .F. ) ;
#450 = VECTOR ( 'NONE', #1133, 1000.000000000000000 ) ;
#451 = FACE_BOUND ( 'NONE', #312, .T. ) ;
#452 = DIRECTION ( 'NONE',  ( 0.000000000000000000, -1.000000000000000000, 0.000000000000000000 ) ) ;
#453 = DIRECTION ( 'NONE',  ( -1.000000000000000000, -0.000000000000000000, -0.000000000000000000 ) ) ;
#454 = CARTESIAN_POINT ( 'NONE',  ( 38.00099999999999767, 10.48615687694600140, 10.25009652019400974 ) ) ;
#455 = DIRECTION ( 'NONE',  ( 1.000000000000000000, -0.000000000000000000, -9.773090005503139098E-17 ) ) ;
#456 = FACE_OUTER_BOUND ( 'NONE', #1198, .T. ) ;
#457 = ORIENTED_EDGE ( 'NONE', *, *, #1316, .F. ) ;
#458 = VECTOR ( 'NONE', #887, 1000.000000000000000 ) ;
#459 = ORIENTED_EDGE ( 'NONE', *, *, #1710, .T. ) ;
#460 = EDGE_CURVE ( 'NONE', #827, #1833, #280, .T. ) ;
#461 = EDGE_CURVE ( 'NONE', #229, #1510, #971, .T. ) ;
#462 = CARTESIAN_POINT ( 'NONE',  ( -35.50000000000000000, 2.586156876947001582, 10.25009652019400974 ) ) ;
#463 = LINE ( 'NONE', #762, #41 ) ;
#464 = DIRECTION ( 'NONE',  ( 0.000000000000000000, 1.000000000000000000, -0.000000000000000000 ) ) ;
#465 = CARTESIAN_POINT ( 'NONE',  ( -38.00000000000000000, 0.000000000000000000, -38.00000000000000000 ) ) ;
#466 = FACE_BOUND ( 'NONE', #375, .T. ) ;
#467 = DIRECTION ( 'NONE',  ( 0.000000000000000000, -1.000000000000000000, 0.000000000000000000 ) ) ;
#468 = LINE ( 'NONE', #183, #1559 ) ;
#469 = VERTEX_POINT ( 'NONE', #1540 ) ;
#470 = VERTEX_POINT ( 'NONE', #576 ) ;
#471 = VECTOR ( 'NONE', #1754, 1000.000000000000000 ) ;
#472 = EDGE_LOOP ( 'NONE', ( #1070, #944, #1782, #1396 ) ) ;
#473 = LINE ( 'NONE', #340, #910 ) ;
#474 = CARTESIAN_POINT ( 'NONE',  ( 35.50000000000000000, 11.42757760567431369, 26.77163725666866156 ) ) ;
#475 = LINE ( 'NONE', #1729, #1002 ) ;
#476 = LINE ( 'NONE', #1742, #1443 ) ;
#477 = ADVANCED_FACE ( 'NONE', ( #21 ), #418, .F. ) ;
#478 = LINE ( 'NONE', #601, #1788 ) ;
#479 = DIRECTION ( 'NONE',  ( 0.000000000000000000, 0.000000000000000000, 1.000000000000000000 ) ) ;
#480 = FACE_BOUND ( 'NONE', #1317, .T. ) ;
#481 = ORIENTED_EDGE ( 'NONE', *, *, #622, .F. ) ;
#482 = ORIENTED_EDGE ( 'NONE', *, *, #1520, .T. ) ;
#483 = CARTESIAN_POINT ( 'NONE',  ( 38.00000000000000000, 13.00000000000000000, 37.99999999999998579 ) ) ;
#484 = LINE ( 'NONE', #1608, #1523 ) ;
#485 = DIRECTION ( 'NONE',  ( 0.000000000000000000, 1.000000000000000000, -1.204669080539783624E-16 ) ) ;
#486 = LINE ( 'NONE', #48, #1374 ) ;
#487 = LINE ( 'NONE', #1573, #1704 ) ;
#488 = ORIENTED_EDGE ( 'NONE', *, *, #1475, .T. ) ;
#489 = CARTESIAN_POINT ( 'NONE',  ( 35.49999999999998579, 0.000000000000000000, -25.00000000000000000 ) ) ;
#490 = CYLINDRICAL_SURFACE ( 'NONE', #649, 1.600000000000000755 ) ;
#491 = LINE ( 'NONE', #1766, #927 ) ;
#492 = LOCAL_TIME ( 14, 36, 6.000000000000000000, #1660 ) ;
#493 = CARTESIAN_POINT ( 'NONE',  ( -36.50000000000000000, 7.136156973925001701, -2.549964439927989268 ) ) ;
#494 = AXIS2_PLACEMENT_3D ( 'NONE', #1379, #385, #1494 ) ;
#495 = DIRECTION ( 'NONE',  ( -3.304235192336770581E-16, 0.000000000000000000, -1.000000000000000000 ) ) ;
#496 = ORIENTED_EDGE ( 'NONE', *, *, #675, .T. ) ;
#497 = EDGE_CURVE ( 'NONE', #279, #184, #157, .T. ) ;
#498 = EDGE_LOOP ( 'NONE', ( #1028, #918, #1695, #1698 ) ) ;
#499 = AXIS2_PLACEMENT_3D ( 'NONE', #489, #1456, #177 ) ;
#500 = AXIS2_PLACEMENT_3D ( 'NONE', #603, #1174, #1036 ) ;
#501 = FACE_OUTER_BOUND ( 'NONE', #472, .T. ) ;
#502 = VECTOR ( 'NONE', #925, 1000.000000000000000 ) ;
#503 = DIRECTION ( 'NONE',  ( 0.000000000000000000, 1.156482317317871725E-16, -1.000000000000000000 ) ) ;
#504 = AXIS2_PLACEMENT_3D ( 'NONE', #1186, #57, #600 ) ;
#505 = ADVANCED_FACE ( 'NONE', ( #132 ), #1560, .F. ) ;
#506 = CARTESIAN_POINT ( 'NONE',  ( -38.00000000000000000, 8.636156973925016800, -4.049964439928007032 ) ) ;
#507 = ORIENTED_EDGE ( 'NONE', *, *, #1755, .T. ) ;
#508 = ORIENTED_EDGE ( 'NONE', *, *, #952, .T. ) ;
#509 = ORIENTED_EDGE ( 'NONE', *, *, #541, .F. ) ;
#510 = AXIS2_PLACEMENT_3D ( 'NONE', #1010, #1320, #158 ) ;
#511 = AXIS2_PLACEMENT_3D ( 'NONE', #1426, #830, #1116 ) ;
#512 = FACE_OUTER_BOUND ( 'NONE', #1551, .T. ) ;
#513 = LINE ( 'NONE', #1077, #319 ) ;
#514 = PERSON_AND_ORGANIZATION ( #244, #698 ) ;
#515 = EDGE_LOOP ( 'NONE', ( #287, #1395, #85, #1784, #1546, #1466, #836, #357 ) ) ;
#516 = VERTEX_POINT ( 'NONE', #271 ) ;
#517 = ORIENTED_EDGE ( 'NONE', *, *, #691, .F. ) ;
#518 = AXIS2_PLACEMENT_3D ( 'NONE', #58, #641, #1322 ) ;
#519 = CLOSED_SHELL ( 'NONE', ( #187, #1651, #148, #434, #1403, #395, #1035, #15, #259, #921, #1091, #905, #777, #570, #787, #797, #867, #1173, #1105, #400, #348, #140, #410, #1497, #902, #1357, #1087, #34, #1275, #208, #505, #1418, #110, #1038, #318, #657, #1617, #932, #1725, #538, #477, #55, #969, #1557, #995, #1638, #442, #1715, #1413, #778, #1693, #71, #1051, #127 ) ) ;
#520 = FACE_BOUND ( 'NONE', #1673, .T. ) ;
#521 = CARTESIAN_POINT ( 'NONE',  ( 29.99999999999999645, 0.000000000000000000, -30.00000000000000355 ) ) ;
#522 = EDGE_CURVE ( 'NONE', #812, #554, #1696, .T. ) ;
#523 = CARTESIAN_POINT ( 'NONE',  ( 35.50000000000000000, 11.42757760567431013, -26.77126387592131351 ) ) ;
#524 = EDGE_CURVE ( 'NONE', #1655, #383, #1142, .T. ) ;
#525 = ORIENTED_EDGE ( 'NONE', *, *, #1614, .F. ) ;
#526 = MANIFOLD_SOLID_BREP ( '倒角1', #519 ) ;
#527 = VERTEX_POINT ( 'NONE', #1407 ) ;
#528 = ORIENTED_EDGE ( 'NONE', *, *, #1711, .T. ) ;
#529 = DIRECTION ( 'NONE',  ( -0.000000000000000000, 1.000000000000000000, -0.000000000000000000 ) ) ;
#530 = AXIS2_PLACEMENT_3D ( 'NONE', #1825, #1691, #1276 ) ;
#531 = LINE ( 'NONE', #79, #170 ) ;
#532 = ORIENTED_EDGE ( 'NONE', *, *, #296, .T. ) ;
#533 = ORIENTED_EDGE ( 'NONE', *, *, #106, .F. ) ;
#534 = ORIENTED_EDGE ( 'NONE', *, *, #123, .F. ) ;
#535 = DIRECTION ( 'NONE',  ( 0.000000000000000000, -0.000000000000000000, 1.000000000000000000 ) ) ;
#536 = VECTOR ( 'NONE', #1258, 1000.000000000000000 ) ;
#537 = DIRECTION ( 'NONE',  ( 0.000000000000000000, -1.156482317317871478E-16, -1.000000000000000000 ) ) ;
#538 = ADVANCED_FACE ( 'NONE', ( #142 ), #1831, .F. ) ;
#539 = APPROVAL_STATUS ( 'not_yet_approved' ) ;
#540 = VERTEX_POINT ( 'NONE', #980 ) ;
#541 = EDGE_CURVE ( 'NONE', #184, #1664, #1549, .T. ) ;
#542 = CARTESIAN_POINT ( 'NONE',  ( -30.00000000000000355, 2.000000000000000000, -31.59999999999999787 ) ) ;
#543 = ORIENTED_EDGE ( 'NONE', *, *, #1146, .F. ) ;
#544 = VERTEX_POINT ( 'NONE', #429 ) ;
#545 = CARTESIAN_POINT ( 'NONE',  ( 0.000000000000000000, 2.000000000000000000, 0.000000000000000000 ) ) ;
#546 = LINE ( 'NONE', #281, #1062 ) ;
#547 = ORIENTED_EDGE ( 'NONE', *, *, #1245, .F. ) ;
#548 = CARTESIAN_POINT ( 'NONE',  ( 29.99999999999999645, 2.000000000000000000, 31.59999999999999787 ) ) ;
#549 = SECURITY_CLASSIFICATION_LEVEL ( 'unclassified' ) ;
#550 = CYLINDRICAL_SURFACE ( 'NONE', #1790, 1.600000000000000755 ) ;
#551 = EDGE_LOOP ( 'NONE', ( #482, #459, #583, #1677 ) ) ;
#552 = LINE ( 'NONE', #1107, #117 ) ;
#553 = FACE_BOUND ( 'NONE', #84, .T. ) ;
#554 = VERTEX_POINT ( 'NONE', #1389 ) ;
#555 = VECTOR ( 'NONE', #446, 1000.000000000000000 ) ;
#556 = CARTESIAN_POINT ( 'NONE',  ( 25.00000000000000000, 2.000000000000000000, -25.00000000000000000 ) ) ;
#557 = ORIENTED_EDGE ( 'NONE', *, *, #364, .F. ) ;
#558 = ORIENTED_EDGE ( 'NONE', *, *, #922, .F. ) ;
#559 = CARTESIAN_POINT ( 'NONE',  ( 35.50000000000000000, 2.544734893199342096, 1.228794544195689786 ) ) ;
#560 = DIRECTION ( 'NONE',  ( -3.304235192336770581E-16, 0.000000000000000000, -1.000000000000000000 ) ) ;
#561 = ORIENTED_EDGE ( 'NONE', *, *, #845, .T. ) ;
#562 = DIRECTION ( 'NONE',  ( 0.000000000000000000, 0.000000000000000000, 1.000000000000000000 ) ) ;
#563 = CARTESIAN_POINT ( 'NONE',  ( -35.50000000000000000, 2.000000000000000000, 35.49999999999999289 ) ) ;
#564 = EDGE_LOOP ( 'NONE', ( #388, #1422, #528, #987 ) ) ;
#565 = ORIENTED_EDGE ( 'NONE', *, *, #1067, .T. ) ;
#566 = FACE_OUTER_BOUND ( 'NONE', #1793, .T. ) ;
#567 = CARTESIAN_POINT ( 'NONE',  ( -38.00099999999999767, 11.42757760567431013, -26.77126387592131351 ) ) ;
#568 = ORIENTED_EDGE ( 'NONE', *, *, #714, .T. ) ;
#569 = DIRECTION ( 'NONE',  ( -1.000000000000000000, 0.000000000000000000, 1.826024711554533913E-16 ) ) ;
#570 = ADVANCED_FACE ( 'NONE', ( #1266, #566 ), #989, .T. ) ;
#571 = DIRECTION ( 'NONE',  ( 0.000000000000000000, 1.000000000000000000, 0.000000000000000000 ) ) ;
#572 = EDGE_CURVE ( 'NONE', #469, #108, #857, .T. ) ;
#573 = EDGE_CURVE ( 'NONE', #1442, #837, #1248, .T. ) ;
#574 = ORIENTED_EDGE ( 'NONE', *, *, #743, .F. ) ;
#575 = LINE ( 'NONE', #462, #966 ) ;
#576 = CARTESIAN_POINT ( 'NONE',  ( -36.50000000000000000, 7.136156973925001701, -2.549964439927989268 ) ) ;
#577 = CARTESIAN_POINT ( 'NONE',  ( -38.00000000000000000, 2.586156876947001582, 10.25009652019400974 ) ) ;
#578 = LINE ( 'NONE', #1110, #607 ) ;
#579 = DIRECTION ( 'NONE',  ( 0.000000000000000000, 0.000000000000000000, 1.000000000000000000 ) ) ;
#580 = EDGE_LOOP ( 'NONE', ( #507, #1431, #1815, #1216 ) ) ;
#581 = VECTOR ( 'NONE', #306, 1000.000000000000000 ) ;
#582 = CIRCLE ( 'NONE', #1406, 1.600000000000000755 ) ;
#583 = ORIENTED_EDGE ( 'NONE', *, *, #710, .T. ) ;
#584 = AXIS2_PLACEMENT_3D ( 'NONE', #1589, #1580, #169 ) ;
#585 = LINE ( 'NONE', #1141, #581 ) ;
#586 = DIRECTION ( 'NONE',  ( -1.000000000000000000, 0.000000000000000000, 0.000000000000000000 ) ) ;
#587 = LINE ( 'NONE', #22, #1376 ) ;
#588 = CARTESIAN_POINT ( 'NONE',  ( 24.99999999999999645, 0.000000000000000000, 35.50000000000002132 ) ) ;
#589 = CARTESIAN_POINT ( 'NONE',  ( 29.99999999999999645, 2.000000000000000000, -31.60000000000000142 ) ) ;
#590 = EDGE_CURVE ( 'NONE', #1081, #1664, #552, .T. ) ;
#591 = EDGE_CURVE ( 'NONE', #1654, #1565, #1680, .T. ) ;
#592 = DIRECTION ( 'NONE',  ( -1.000000000000000000, 0.000000000000000000, 0.000000000000000000 ) ) ;
#593 = VECTOR ( 'NONE', #402, 1000.000000000000000 ) ;
#594 = EDGE_CURVE ( 'NONE', #1615, #818, #884, .T. ) ;
#595 = ORIENTED_EDGE ( 'NONE', *, *, #1796, .F. ) ;
#596 = VECTOR ( 'NONE', #1531, 1000.000000000000000 ) ;
#597 = DIRECTION ( 'NONE',  ( -0.000000000000000000, 1.000000000000000000, -0.000000000000000000 ) ) ;
#598 = CARTESIAN_POINT ( 'NONE',  ( -38.00099999999999767, 2.544734893199342096, 1.228794544195689786 ) ) ;
#599 = CARTESIAN_POINT ( 'NONE',  ( 38.00000000000000000, 11.42757760567431013, -1.228421163448338627 ) ) ;
#600 = DIRECTION ( 'NONE',  ( 1.000000000000000000, 0.000000000000000000, -0.000000000000000000 ) ) ;
#601 = CARTESIAN_POINT ( 'NONE',  ( 35.49999999999998579, 0.000000000000000000, 25.00000000000000000 ) ) ;
#602 = CARTESIAN_POINT ( 'NONE',  ( -35.50000000000000000, 9.000000000000007105, -10.00000000000000178 ) ) ;
#603 = CARTESIAN_POINT ( 'NONE',  ( -38.00099999999999767, 2.000000000000002665, -10.00000000000000178 ) ) ;
#604 = ORIENTED_EDGE ( 'NONE', *, *, #1169, .F. ) ;
#605 = AXIS2_PLACEMENT_3D ( 'NONE', #598, #1334, #1486 ) ;
#606 = ORIENTED_EDGE ( 'NONE', *, *, #1614, .T. ) ;
#607 = VECTOR ( 'NONE', #992, 1000.000000000000000 ) ;
#608 = EDGE_CURVE ( 'NONE', #1597, #229, #1457, .T. ) ;
#609 = VERTEX_POINT ( 'NONE', #1728 ) ;
#610 = DIRECTION ( 'NONE',  ( 0.000000000000000000, 0.000000000000000000, -1.000000000000000000 ) ) ;
#611 = CC_DESIGN_APPROVAL ( #1659, ( #1612 ) ) ;
#612 = LINE ( 'NONE', #53, #755 ) ;
#613 = LINE ( 'NONE', #332, #209 ) ;
#614 = LINE ( 'NONE', #193, #825 ) ;
#615 = DIRECTION ( 'NONE',  ( -0.000000000000000000, 1.697856710296495325E-17, -1.000000000000000000 ) ) ;
#616 = DIRECTION ( 'NONE',  ( 0.000000000000000000, -1.000000000000000000, 0.000000000000000000 ) ) ;
#617 = CARTESIAN_POINT ( 'NONE',  ( 35.50000000000000000, 2.000000000000000000, 35.49999999999998579 ) ) ;
#618 = ORIENTED_EDGE ( 'NONE', *, *, #849, .F. ) ;
#619 = AXIS2_PLACEMENT_3D ( 'NONE', #1594, #1767, #479 ) ;
#620 = ORIENTED_EDGE ( 'NONE', *, *, #1770, .T. ) ;
#621 = CARTESIAN_POINT ( 'NONE',  ( -38.00000000000000000, 2.586156876947001582, 10.25009652019400974 ) ) ;
#622 = EDGE_CURVE ( 'NONE', #184, #1818, #895, .T. ) ;
#623 = DIRECTION ( 'NONE',  ( 1.000000000000000000, -0.000000000000000000, -0.000000000000000000 ) ) ;
#624 = DIRECTION ( 'NONE',  ( 0.000000000000000000, 0.000000000000000000, 1.000000000000000000 ) ) ;
#625 = CARTESIAN_POINT ( 'NONE',  ( 38.00000000000000000, 2.544734893199338988, -1.228421163448338627 ) ) ;
#626 = FACE_BOUND ( 'NONE', #662, .T. ) ;
#627 = DIRECTION ( 'NONE',  ( 0.000000000000000000, 0.000000000000000000, -1.000000000000000000 ) ) ;
#628 = CARTESIAN_POINT ( 'NONE',  ( -38.00000000000000000, 2.000000000000004441, -24.99999999999999645 ) ) ;
#629 = VERTEX_POINT ( 'NONE', #190 ) ;
#630 = CARTESIAN_POINT ( 'NONE',  ( -30.00000000000000355, 0.000000000000000000, -31.59999999999999787 ) ) ;
#631 = CARTESIAN_POINT ( 'NONE',  ( -38.00000000000000000, 2.586156876947001582, 24.75009652019301143 ) ) ;
#632 = DIRECTION ( 'NONE',  ( 0.000000000000000000, 0.000000000000000000, 1.000000000000000000 ) ) ;
#633 = CARTESIAN_POINT ( 'NONE',  ( -35.50000000000000000, 7.136156973925001701, 2.550035560071010732 ) ) ;
#634 = EDGE_CURVE ( 'NONE', #960, #1193, #277, .T. ) ;
#635 = LINE ( 'NONE', #1301, #1590 ) ;
#636 = EDGE_CURVE ( 'NONE', #1064, #313, #1446, .T. ) ;
#637 = ORIENTED_EDGE ( 'NONE', *, *, #1500, .T. ) ;
#638 = ORIENTED_EDGE ( 'NONE', *, *, #1613, .T. ) ;
#639 = EDGE_CURVE ( 'NONE', #1818, #91, #463, .T. ) ;
#640 = EDGE_CURVE ( 'NONE', #90, #1314, #1588, .T. ) ;
#641 = DIRECTION ( 'NONE',  ( 0.000000000000000000, 1.000000000000000000, 0.000000000000000000 ) ) ;
#642 = LINE ( 'NONE', #1195, #255 ) ;
#643 = DIRECTION ( 'NONE',  ( 0.000000000000000000, 0.000000000000000000, -1.000000000000000000 ) ) ;
#644 = VERTEX_POINT ( 'NONE', #1319 ) ;
#645 = ORIENTED_EDGE ( 'NONE', *, *, #1504, .T. ) ;
#646 = EDGE_LOOP ( 'NONE', ( #303, #1304 ) ) ;
#647 = FACE_OUTER_BOUND ( 'NONE', #246, .T. ) ;
#648 = AXIS2_PLACEMENT_3D ( 'NONE', #1798, #95, #643 ) ;
#649 = AXIS2_PLACEMENT_3D ( 'NONE', #1180, #906, #1601 ) ;
#650 = PLANE ( 'NONE',  #352 ) ;
#651 = DATE_TIME_ROLE ( 'classification_date' ) ;
#652 = EDGE_CURVE ( 'NONE', #1160, #1268, #612, .T. ) ;
#653 = EDGE_LOOP ( 'NONE', ( #669, #574, #1370, #1701 ) ) ;
#654 = ORIENTED_EDGE ( 'NONE', *, *, #1140, .T. ) ;
#655 = EDGE_CURVE ( 'NONE', #1818, #1081, #875, .T. ) ;
#656 = ORIENTED_EDGE ( 'NONE', *, *, #590, .T. ) ;
#657 = ADVANCED_FACE ( 'NONE', ( #738 ), #1295, .F. ) ;
#658 = LINE ( 'NONE', #1505, #1585 ) ;
#659 = LINE ( 'NONE', #523, #1679 ) ;
#660 = EDGE_LOOP ( 'NONE', ( #968, #1150, #1556, #1636 ) ) ;
#661 = ORIENTED_EDGE ( 'NONE', *, *, #1375, .T. ) ;
#662 = EDGE_LOOP ( 'NONE', ( #1596, #723, #1518, #1773, #979, #880, #223, #1121, #568, #637, #1678, #488 ) ) ;
#663 = EDGE_CURVE ( 'NONE', #827, #840, #367, .T. ) ;
#664 = AXIS2_PLACEMENT_3D ( 'NONE', #1297, #33, #729 ) ;
#665 = CYLINDRICAL_SURFACE ( 'NONE', #1763, 1.600000000000000755 ) ;
#666 = DIRECTION ( 'NONE',  ( 0.000000000000000000, -1.000000000000000000, 0.000000000000000000 ) ) ;
#667 = LOCAL_TIME ( 14, 36, 6.000000000000000000, #941 ) ;
#668 = EDGE_LOOP ( 'NONE', ( #1682, #134, #533, #1432 ) ) ;
#669 = ORIENTED_EDGE ( 'NONE', *, *, #1753, .T. ) ;
#670 = ORIENTED_EDGE ( 'NONE', *, *, #640, .F. ) ;
#671 = EDGE_CURVE ( 'NONE', #151, #1485, #1602, .T. ) ;
#672 = LINE ( 'NONE', #1813, #596 ) ;
#673 = VECTOR ( 'NONE', #1178, 1000.000000000000000 ) ;
#674 = VECTOR ( 'NONE', #455, 1000.000000000000000 ) ;
#675 = EDGE_CURVE ( 'NONE', #978, #1833, #1726, .T. ) ;
#676 = DIRECTION ( 'NONE',  ( -0.000000000000000000, 1.000000000000000000, -0.000000000000000000 ) ) ;
#677 = APPROVAL_DATE_TIME ( #1360, #346 ) ;
#678 = ORIENTED_EDGE ( 'NONE', *, *, #1436, .F. ) ;
#679 = VERTEX_POINT ( 'NONE', #218 ) ;
#680 = ORIENTED_EDGE ( 'NONE', *, *, #888, .F. ) ;
#681 = ORIENTED_EDGE ( 'NONE', *, *, #1477, .F. ) ;
#682 = VECTOR ( 'NONE', #1134, 1000.000000000000000 ) ;
#683 = LINE ( 'NONE', #816, #249 ) ;
#684 = FACE_OUTER_BOUND ( 'NONE', #1819, .T. ) ;
#685 = EDGE_LOOP ( 'NONE', ( #40, #1302 ) ) ;
#686 = VECTOR ( 'NONE', #1284, 1000.000000000000000 ) ;
#687 = CARTESIAN_POINT ( 'NONE',  ( -38.00000000000000000, 2.000000000000002665, -10.00000000000000178 ) ) ;
#688 = CALENDAR_DATE ( 2026, 30, 8 ) ;
#689 = ORIENTED_EDGE ( 'NONE', *, *, #1558, .F. ) ;
#690 = ORIENTED_EDGE ( 'NONE', *, *, #1282, .T. ) ;
#691 = EDGE_CURVE ( 'NONE', #949, #1663, #188, .T. ) ;
#692 = DIRECTION ( 'NONE',  ( -0.000000000000000000, 0.000000000000000000, -1.000000000000000000 ) ) ;
#693 = DIRECTION ( 'NONE',  ( -1.954618001100627820E-16, 0.000000000000000000, -1.000000000000000000 ) ) ;
#694 = ORIENTED_EDGE ( 'NONE', *, *, #1057, .T. ) ;
#695 = VECTOR ( 'NONE', #1739, 1000.000000000000000 ) ;
#696 = LINE ( 'NONE', #724, #1528 ) ;
#697 = DIRECTION ( 'NONE',  ( -0.000000000000000000, -1.000000000000000000, -0.000000000000000000 ) ) ;
#698 = ORGANIZATION ( '未指定', '未指定', '' ) ;
#699 = VERTEX_POINT ( 'NONE', #181 ) ;
#700 = EDGE_LOOP ( 'NONE', ( #413, #1361, #1724, #1163 ) ) ;
#701 = DIRECTION ( 'NONE',  ( -0.000000000000000000, 1.697856710296495633E-17, 1.000000000000000000 ) ) ;
#702 = DIRECTION ( 'NONE',  ( -3.304235192336770581E-16, 0.000000000000000000, -1.000000000000000000 ) ) ;
#703 = ORIENTED_EDGE ( 'NONE', *, *, #977, .F. ) ;
#704 = CYLINDRICAL_SURFACE ( 'NONE', #1292, 1.600000000000000755 ) ;
#705 = VECTOR ( 'NONE', #900, 1000.000000000000000 ) ;
#706 = CARTESIAN_POINT ( 'NONE',  ( 29.99999999999999645, 0.000000000000000000, 29.99999999999999645 ) ) ;
#707 = VERTEX_POINT ( 'NONE', #321 ) ;
#708 = ORIENTED_EDGE ( 'NONE', *, *, #639, .F. ) ;
#709 = EDGE_CURVE ( 'NONE', #1027, #1314, #65, .T. ) ;
#710 = EDGE_CURVE ( 'NONE', #258, #151, #491, .T. ) ;
#711 = DIRECTION ( 'NONE',  ( 1.000000000000000000, -0.000000000000000000, -0.000000000000000000 ) ) ;
#712 = CARTESIAN_POINT ( 'NONE',  ( 35.50000000000000000, 11.42757760567431013, -26.77126387592131351 ) ) ;
#713 = ORIENTED_EDGE ( 'NONE', *, *, #1603, .T. ) ;
#714 = EDGE_CURVE ( 'NONE', #892, #139, #478, .T. ) ;
#715 = CARTESIAN_POINT ( 'NONE',  ( 38.00000000000000000, 2.544734893199339432, -26.77126387592131351 ) ) ;
#716 = CARTESIAN_POINT ( 'NONE',  ( -38.00099999999999767, 11.42757760567431369, 1.228794544195689786 ) ) ;
#717 = ORIENTED_EDGE ( 'NONE', *, *, #1555, .T. ) ;
#718 = DIRECTION ( 'NONE',  ( 0.000000000000000000, 1.000000000000000000, 0.000000000000000000 ) ) ;
#719 = DIRECTION ( 'NONE',  ( -0.000000000000000000, 0.000000000000000000, 1.000000000000000000 ) ) ;
#720 = CARTESIAN_POINT ( 'NONE',  ( 24.99999999999999645, 0.000000000000000000, 35.50000000000002132 ) ) ;
#721 = PLANE ( 'NONE',  #530 ) ;
#722 = ORIENTED_EDGE ( 'NONE', *, *, #652, .F. ) ;
#723 = ORIENTED_EDGE ( 'NONE', *, *, #304, .T. ) ;
#724 = CARTESIAN_POINT ( 'NONE',  ( -25.00000000000000000, 2.000000000000000000, 25.00000000000000000 ) ) ;
#725 = CARTESIAN_POINT ( 'NONE',  ( 35.50000000000000000, 11.42757760567431013, -1.228421163448338627 ) ) ;
#726 = DIRECTION ( 'NONE',  ( 1.000000000000000000, -0.000000000000000000, -0.000000000000000000 ) ) ;
#727 = EDGE_CURVE ( 'NONE', #1533, #699, #1071, .T. ) ;
#728 = PRODUCT_RELATED_PRODUCT_CATEGORY ( 'detail', '', ( #288 ) ) ;
#729 = DIRECTION ( 'NONE',  ( 0.000000000000000000, 1.000000000000000000, -1.204669080539783624E-16 ) ) ;
#730 = CARTESIAN_POINT ( 'NONE',  ( -38.00000000000000000, 13.00000000000000000, -4.049964439928007032 ) ) ;
#731 = LINE ( 'NONE', #1471, #1741 ) ;
#732 = ORIENTED_EDGE ( 'NONE', *, *, #1806, .F. ) ;
#733 = VECTOR ( 'NONE', #879, 1000.000000000000000 ) ;
#734 = ORIENTED_EDGE ( 'NONE', *, *, #1328, .T. ) ;
#735 = AXIS2_PLACEMENT_3D ( 'NONE', #1621, #1061, #1212 ) ;
#736 = VECTOR ( 'NONE', #897, 1000.000000000000000 ) ;
#737 = LINE ( 'NONE', #621, #1769 ) ;
#738 = FACE_OUTER_BOUND ( 'NONE', #147, .T. ) ;
#739 = CARTESIAN_POINT ( 'NONE',  ( -35.50000000000000000, 10.48615687694600140, 10.25009652019400974 ) ) ;
#740 = CARTESIAN_POINT ( 'NONE',  ( 38.00000000000000000, 0.000000000000000000, -38.00000000000001421 ) ) ;
#741 = FACE_OUTER_BOUND ( 'NONE', #564, .T. ) ;
#742 = CARTESIAN_POINT ( 'NONE',  ( -25.00000000000000355, 0.000000000000000000, -25.00000000000000000 ) ) ;
#743 = EDGE_CURVE ( 'NONE', #1314, #856, #35, .T. ) ;
#744 = VECTOR ( 'NONE', #726, 1000.000000000000000 ) ;
#745 = EDGE_LOOP ( 'NONE', ( #1333, #935, #656, #509 ) ) ;
#746 = CARTESIAN_POINT ( 'NONE',  ( -30.00000000000000355, 0.000000000000000000, -29.99999999999999289 ) ) ;
#747 = DIRECTION ( 'NONE',  ( 0.000000000000000000, -0.000000000000000000, -1.000000000000000000 ) ) ;
#748 = LINE ( 'NONE', #317, #744 ) ;
#749 = CARTESIAN_POINT ( 'NONE',  ( -38.00000000000000000, 10.48615687694600140, 10.25009652019400974 ) ) ;
#750 = DIRECTION ( 'NONE',  ( 0.000000000000000000, 0.000000000000000000, -1.000000000000000000 ) ) ;
#751 = DIRECTION ( 'NONE',  ( 0.000000000000000000, 0.000000000000000000, 1.000000000000000000 ) ) ;
#752 = UNCERTAINTY_MEASURE_WITH_UNIT (LENGTH_MEASURE( 1.000000000000000082E-05 ), #1506, 'distance_accuracy_value', 'NONE');
#753 = FACE_OUTER_BOUND ( 'NONE', #1484, .T. ) ;
#754 = ORIENTED_EDGE ( 'NONE', *, *, #572, .F. ) ;
#755 = VECTOR ( 'NONE', #623, 1000.000000000000000 ) ;
#756 = EDGE_CURVE ( 'NONE', #1586, #1776, #898, .T. ) ;
#757 = VERTEX_POINT ( 'NONE', #1478 ) ;
#758 = VECTOR ( 'NONE', #422, 1000.000000000000000 ) ;
#759 = ORIENTED_EDGE ( 'NONE', *, *, #952, .F. ) ;
#760 = DIRECTION ( 'NONE',  ( -0.000000000000000000, -1.000000000000000000, -0.000000000000000000 ) ) ;
#761 = VECTOR ( 'NONE', #1495, 1000.000000000000000 ) ;
#762 = CARTESIAN_POINT ( 'NONE',  ( 35.50000000000000000, 11.42757760567431369, 1.228794544195689786 ) ) ;
#763 = DIRECTION ( 'NONE',  ( -0.000000000000000000, -0.000000000000000000, 1.000000000000000000 ) ) ;
#764 = FACE_OUTER_BOUND ( 'NONE', #247, .T. ) ;
#765 = CARTESIAN_POINT ( 'NONE',  ( -30.00000000000000355, 0.000000000000000000, 30.00000000000001066 ) ) ;
#766 = LINE ( 'NONE', #1323, #1653 ) ;
#767 = CARTESIAN_POINT ( 'NONE',  ( 38.00099999999999767, 10.48615687694600140, 10.25009652019400974 ) ) ;
#768 = VECTOR ( 'NONE', #579, 1000.000000000000000 ) ;
#769 = ORIENTED_EDGE ( 'NONE', *, *, #276, .T. ) ;
#770 = LINE ( 'NONE', #1327, #103 ) ;
#771 = EDGE_CURVE ( 'NONE', #1455, #1081, #47, .T. ) ;
#772 = DIRECTION ( 'NONE',  ( 0.000000000000000000, 0.000000000000000000, 1.000000000000000000 ) ) ;
#773 = EDGE_CURVE ( 'NONE', #1027, #1264, #1033, .T. ) ;
#774 = DIRECTION ( 'NONE',  ( -0.000000000000000000, 1.000000000000000000, -0.000000000000000000 ) ) ;
#775 = DIRECTION ( 'NONE',  ( 0.000000000000000000, 0.000000000000000000, 1.000000000000000000 ) ) ;
#776 = DIRECTION ( 'NONE',  ( 0.000000000000000000, 0.000000000000000000, -1.000000000000000000 ) ) ;
#777 = ADVANCED_FACE ( 'NONE', ( #501 ), #1181, .F. ) ;
#778 = ADVANCED_FACE ( 'NONE', ( #1760 ), #1618, .F. ) ;
#779 = ORIENTED_EDGE ( 'NONE', *, *, #1637, .F. ) ;
#780 = VECTOR ( 'NONE', #1568, 1000.000000000000000 ) ;
#781 = CARTESIAN_POINT ( 'NONE',  ( 38.00000000000000000, 13.00000000000000000, -38.00000000000001421 ) ) ;
#782 = LINE ( 'NONE', #72, #1288 ) ;
#783 = CARTESIAN_POINT ( 'NONE',  ( 35.50000000000000000, 2.544734893199339432, -26.77126387592131351 ) ) ;
#784 = ORIENTED_EDGE ( 'NONE', *, *, #590, .F. ) ;
#785 = ORIENTED_EDGE ( 'NONE', *, *, #1303, .F. ) ;
#786 = DIRECTION ( 'NONE',  ( 0.000000000000000000, 0.000000000000000000, 1.000000000000000000 ) ) ;
#787 = ADVANCED_FACE ( 'NONE', ( #626, #1609, #466, #1022, #342, #907 ), #203, .F. ) ;
#788 = DIRECTION ( 'NONE',  ( -1.000000000000000000, 0.000000000000000000, 1.826024711554534160E-16 ) ) ;
#789 = EDGE_CURVE ( 'NONE', #1615, #544, #914, .T. ) ;
#790 = EDGE_LOOP ( 'NONE', ( #1646, #154, #1372, #1208 ) ) ;
#791 = EDGE_LOOP ( 'NONE', ( #339, #815, #1065, #558 ) ) ;
#792 = VERTEX_POINT ( 'NONE', #1681 ) ;
#793 = VECTOR ( 'NONE', #25, 1000.000000000000000 ) ;
#794 = CARTESIAN_POINT ( 'NONE',  ( -38.00000000000000000, 10.48615687694600140, 24.75009652019301143 ) ) ;
#795 = LINE ( 'NONE', #1650, #1794 ) ;
#796 = LINE ( 'NONE', #1190, #1625 ) ;
#797 = ADVANCED_FACE ( 'NONE', ( #150, #1550, #1117 ), #1532, .F. ) ;
#798 = ORIENTED_EDGE ( 'NONE', *, *, #634, .T. ) ;
#799 = ORIENTED_EDGE ( 'NONE', *, *, #974, .T. ) ;
#800 = VERTEX_POINT ( 'NONE', #712 ) ;
#801 = DIRECTION ( 'NONE',  ( -0.000000000000000000, -1.000000000000000000, -0.000000000000000000 ) ) ;
#802 = DIRECTION ( 'NONE',  ( 0.000000000000000000, -0.000000000000000000, 1.000000000000000000 ) ) ;
#803 = CALENDAR_DATE ( 2026, 30, 8 ) ;
#804 = VERTEX_POINT ( 'NONE', #972 ) ;
#805 = ORIENTED_EDGE ( 'NONE', *, *, #1146, .T. ) ;
#806 = EDGE_CURVE ( 'NONE', #516, #544, #1399, .T. ) ;
#807 = EDGE_LOOP ( 'NONE', ( #1234, #1554, #1125, #1810, #373, #230, #1337, #813, #399, #245, #1090, #337 ) ) ;
#808 = CARTESIAN_POINT ( 'NONE',  ( -30.00000000000000355, 2.000000000000000000, -29.99999999999999289 ) ) ;
#809 = LINE ( 'NONE', #916, #257 ) ;
#810 = CC_DESIGN_SECURITY_CLASSIFICATION ( #1465, ( #1612 ) ) ;
#811 = APPROVAL_STATUS ( 'not_yet_approved' ) ;
#812 = VERTEX_POINT ( 'NONE', #290 ) ;
#813 = ORIENTED_EDGE ( 'NONE', *, *, #1421, .F. ) ;
#814 = VERTEX_POINT ( 'NONE', #10 ) ;
#815 = ORIENTED_EDGE ( 'NONE', *, *, #1394, .T. ) ;
#816 = CARTESIAN_POINT ( 'NONE',  ( -38.00099999999999767, 7.136156973925001701, -2.549964439927989268 ) ) ;
#817 = DIRECTION ( 'NONE',  ( 0.000000000000000000, 0.000000000000000000, 1.000000000000000000 ) ) ;
#818 = VERTEX_POINT ( 'NONE', #262 ) ;
#819 = VECTOR ( 'NONE', #199, 1000.000000000000000 ) ;
#820 = CIRCLE ( 'NONE', #436, 1.600000000000000755 ) ;
#821 = EDGE_CURVE ( 'NONE', #1064, #469, #546, .T. ) ;
#822 = LINE ( 'NONE', #393, #200 ) ;
#823 = CIRCLE ( 'NONE', #584, 1.600000000000000755 ) ;
#824 = PERSON_AND_ORGANIZATION ( #244, #698 ) ;
#825 = VECTOR ( 'NONE', #46, 1000.000000000000000 ) ;
#826 = DIRECTION ( 'NONE',  ( 0.000000000000000000, 0.000000000000000000, 1.000000000000000000 ) ) ;
#827 = VERTEX_POINT ( 'NONE', #851 ) ;
#828 = EDGE_CURVE ( 'NONE', #629, #988, #1390, .T. ) ;
#829 = AXIS2_PLACEMENT_3D ( 'NONE', #3, #693, #1124 ) ;
#830 = DIRECTION ( 'NONE',  ( 0.000000000000000000, -4.956352788505163268E-16, -1.000000000000000000 ) ) ;
#831 = LINE ( 'NONE', #567, #682 ) ;
#832 = ORIENTED_EDGE ( 'NONE', *, *, #821, .F. ) ;
#833 = AXIS2_PLACEMENT_3D ( 'NONE', #865, #692, #586 ) ;
#834 = DIRECTION ( 'NONE',  ( 0.5773502691896219563, -0.5773502691896269523, 0.5773502691896282846 ) ) ;
#835 = CARTESIAN_POINT ( 'NONE',  ( -38.00099999999999767, 3.536156973926000813, 2.550035560071011176 ) ) ;
#836 = ORIENTED_EDGE ( 'NONE', *, *, #1414, .F. ) ;
#837 = VERTEX_POINT ( 'NONE', #1408 ) ;
#838 = CARTESIAN_POINT ( 'NONE',  ( 38.00000000000000000, 13.00000000000000000, 37.99999999999998579 ) ) ;
#839 = FACE_BOUND ( 'NONE', #1088, .T. ) ;
#840 = VERTEX_POINT ( 'NONE', #419 ) ;
#841 = VECTOR ( 'NONE', #1307, 1000.000000000000000 ) ;
#842 = VECTOR ( 'NONE', #569, 1000.000000000000000 ) ;
#843 = LINE ( 'NONE', #868, #1218 ) ;
#844 = DIRECTION ( 'NONE',  ( 0.000000000000000000, 0.000000000000000000, 1.000000000000000000 ) ) ;
#845 = EDGE_CURVE ( 'NONE', #800, #1485, #831, .T. ) ;
#846 = ORIENTED_EDGE ( 'NONE', *, *, #710, .F. ) ;
#847 = ORIENTED_EDGE ( 'NONE', *, *, #264, .T. ) ;
#848 = EDGE_CURVE ( 'NONE', #207, #707, #1688, .T. ) ;
#849 = EDGE_CURVE ( 'NONE', #1783, #1502, #990, .T. ) ;
#850 = CARTESIAN_POINT ( 'NONE',  ( -36.50000000000000000, 3.536156973926000813, -2.549964439927989268 ) ) ;
#851 = CARTESIAN_POINT ( 'NONE',  ( -30.00000000000000355, 0.000000000000000000, 28.40000000000000924 ) ) ;
#852 = EDGE_LOOP ( 'NONE', ( #893, #1369, #690, #366 ) ) ;
#853 = FACE_OUTER_BOUND ( 'NONE', #1226, .T. ) ;
#854 = VECTOR ( 'NONE', #467, 1000.000000000000000 ) ;
#855 = DIRECTION ( 'NONE',  ( 0.000000000000000000, 0.000000000000000000, 1.000000000000000000 ) ) ;
#856 = VERTEX_POINT ( 'NONE', #1706 ) ;
#857 = LINE ( 'NONE', #1415, #450 ) ;
#858 = CARTESIAN_POINT ( 'NONE',  ( 38.00000000000000000, 0.000000000000000000, -38.00000000000001421 ) ) ;
#859 = ORIENTED_EDGE ( 'NONE', *, *, #1102, .F. ) ;
#860 = CARTESIAN_POINT ( 'NONE',  ( 24.99999999999999645, 0.000000000000000000, -35.50000000000001421 ) ) ;
#861 = DIRECTION ( 'NONE',  ( 0.000000000000000000, 0.000000000000000000, 1.000000000000000000 ) ) ;
#862 = ORIENTED_EDGE ( 'NONE', *, *, #1775, .F. ) ;
#863 = EDGE_CURVE ( 'NONE', #1268, #792, #1267, .T. ) ;
#864 = CARTESIAN_POINT ( 'NONE',  ( -25.00000000000000355, 0.000000000000000000, 35.50000000000002132 ) ) ;
#865 = CARTESIAN_POINT ( 'NONE',  ( -38.00099999999999767, 11.42757760567431013, -26.77126387592131351 ) ) ;
#866 = FACE_OUTER_BOUND ( 'NONE', #1347, .T. ) ;
#867 = ADVANCED_FACE ( 'NONE', ( #1416 ), #1569, .F. ) ;
#868 = CARTESIAN_POINT ( 'NONE',  ( -38.00099999999999767, 7.136156973925001701, 2.550035560071010732 ) ) ;
#869 = DIRECTION ( 'NONE',  ( -1.000000000000000000, 0.000000000000000000, -0.000000000000000000 ) ) ;
#870 = DIRECTION ( 'NONE',  ( 0.000000000000000000, 0.000000000000000000, -1.000000000000000000 ) ) ;
#871 = ORIENTED_EDGE ( 'NONE', *, *, #70, .T. ) ;
#872 = EDGE_LOOP ( 'NONE', ( #595, #1339, #327, #717 ) ) ;
#873 = VECTOR ( 'NONE', #93, 1000.000000000000000 ) ;
#874 = FACE_BOUND ( 'NONE', #1503, .T. ) ;
#875 = LINE ( 'NONE', #1434, #1488 ) ;
#876 = LINE ( 'NONE', #179, #1631 ) ;
#877 = LINE ( 'NONE', #720, #758 ) ;
#878 = DIRECTION ( 'NONE',  ( 0.7071067811865513475, 0.000000000000000000, -0.7071067811865436870 ) ) ;
#879 = DIRECTION ( 'NONE',  ( -0.000000000000000000, -0.000000000000000000, 1.000000000000000000 ) ) ;
#880 = ORIENTED_EDGE ( 'NONE', *, *, #161, .T. ) ;
#881 = ORIENTED_EDGE ( 'NONE', *, *, #1453, .T. ) ;
#882 = VECTOR ( 'NONE', #156, 1000.000000000000000 ) ;
#883 = LINE ( 'NONE', #1252, #964 ) ;
#884 = LINE ( 'NONE', #307, #359 ) ;
#885 = LINE ( 'NONE', #1167, #970 ) ;
#886 = CARTESIAN_POINT ( 'NONE',  ( -25.00000000000000355, 0.000000000000000000, -25.00000000000000000 ) ) ;
#887 = DIRECTION ( 'NONE',  ( 0.000000000000000000, 0.000000000000000000, 1.000000000000000000 ) ) ;
#888 = EDGE_CURVE ( 'NONE', #950, #1537, #1672, .T. ) ;
#889 = CARTESIAN_POINT ( 'NONE',  ( -38.00099999999999767, 2.544734893199338988, -1.228421163448338627 ) ) ;
#890 = FACE_OUTER_BOUND ( 'NONE', #791, .T. ) ;
#891 = VERTEX_POINT ( 'NONE', #1259 ) ;
#892 = VERTEX_POINT ( 'NONE', #121 ) ;
#893 = ORIENTED_EDGE ( 'NONE', *, *, #1164, .T. ) ;
#894 = CARTESIAN_POINT ( 'NONE',  ( -38.00000000000000000, 2.036156973925985270, 4.050035560071025387 ) ) ;
#895 = LINE ( 'NONE', #474, #1547 ) ;
#896 = FACE_OUTER_BOUND ( 'NONE', #982, .T. ) ;
#897 = DIRECTION ( 'NONE',  ( -0.000000000000000000, 1.000000000000000000, -0.000000000000000000 ) ) ;
#898 = LINE ( 'NONE', #1059, #1460 ) ;
#899 = CARTESIAN_POINT ( 'NONE',  ( -30.00000000000000355, 0.000000000000000000, -28.39999999999999147 ) ) ;
#900 = DIRECTION ( 'NONE',  ( 0.000000000000000000, -1.000000000000000000, 4.956352788505163268E-16 ) ) ;
#901 = VERTEX_POINT ( 'NONE', #858 ) ;
#902 = ADVANCED_FACE ( 'NONE', ( #684 ), #1822, .F. ) ;
#903 = ORIENTED_EDGE ( 'NONE', *, *, #848, .T. ) ;
#904 = DIRECTION ( 'NONE',  ( 0.000000000000000000, 1.000000000000000000, 0.000000000000000000 ) ) ;
#905 = ADVANCED_FACE ( 'NONE', ( #112, #553, #1239 ), #1814, .F. ) ;
#906 = DIRECTION ( 'NONE',  ( -0.000000000000000000, 1.000000000000000000, -0.000000000000000000 ) ) ;
#907 = FACE_BOUND ( 'NONE', #912, .T. ) ;
#908 = PLANE ( 'NONE',  #104 ) ;
#909 = LINE ( 'NONE', #162, #555 ) ;
#910 = VECTOR ( 'NONE', #1306, 1000.000000000000000 ) ;
#911 = VECTOR ( 'NONE', #1291, 1000.000000000000000 ) ;
#912 = EDGE_LOOP ( 'NONE', ( #1656, #713 ) ) ;
#913 = CARTESIAN_POINT ( 'NONE',  ( -25.00000000000000355, 0.000000000000000000, -35.50000000000001421 ) ) ;
#914 = LINE ( 'NONE', #924, #593 ) ;
#915 = CARTESIAN_POINT ( 'NONE',  ( -35.50000000000000000, 0.000000000000000000, -25.00000000000000000 ) ) ;
#916 = CARTESIAN_POINT ( 'NONE',  ( 25.00000000000000000, 0.000000000000000000, -25.00000000000000000 ) ) ;
#917 = AXIS2_PLACEMENT_3D ( 'NONE', #194, #360, #1593 ) ;
#918 = ORIENTED_EDGE ( 'NONE', *, *, #460, .T. ) ;
#919 = ORIENTED_EDGE ( 'NONE', *, *, #165, .T. ) ;
#920 = VECTOR ( 'NONE', #718, 1000.000000000000000 ) ;
#921 = ADVANCED_FACE ( 'NONE', ( #272, #839, #1600, #866 ), #308, .F. ) ;
#922 = EDGE_CURVE ( 'NONE', #363, #629, #613, .T. ) ;
#923 = EDGE_CURVE ( 'NONE', #609, #516, #876, .T. ) ;
#924 = CARTESIAN_POINT ( 'NONE',  ( -35.50000000000000000, 2.000000000000000000, 35.49999999999999289 ) ) ;
#925 = DIRECTION ( 'NONE',  ( 1.000000000000000000, -0.000000000000000000, -0.000000000000000000 ) ) ;
#926 = ORIENTED_EDGE ( 'NONE', *, *, #1057, .F. ) ;
#927 = VECTOR ( 'NONE', #615, 1000.000000000000000 ) ;
#928 = VERTEX_POINT ( 'NONE', #599 ) ;
#929 = EDGE_LOOP ( 'NONE', ( #754, #832, #1255, #734 ) ) ;
#930 = CARTESIAN_POINT ( 'NONE',  ( -38.00000000000000000, 13.00000000000000000, 38.00000000000000000 ) ) ;
#931 = DIRECTION ( 'NONE',  ( -0.000000000000000000, 1.000000000000000000, -0.000000000000000000 ) ) ;
#932 = ADVANCED_FACE ( 'NONE', ( #54 ), #1031, .F. ) ;
#933 = PLANE ( 'NONE',  #648 ) ;
#934 = EDGE_LOOP ( 'NONE', ( #846, #1746, #68, #1097 ) ) ;
#935 = ORIENTED_EDGE ( 'NONE', *, *, #655, .T. ) ;
#936 = ORIENTED_EDGE ( 'NONE', *, *, #1830, .F. ) ;
#937 = VECTOR ( 'NONE', #14, 1000.000000000000000 ) ;
#938 = LINE ( 'NONE', #930, #1633 ) ;
#939 = CARTESIAN_POINT ( 'NONE',  ( 35.50000000000000000, 2.000000000000000000, 35.49999999999998579 ) ) ;
#940 = EDGE_CURVE ( 'NONE', #1139, #151, #748, .T. ) ;
#941 = COORDINATED_UNIVERSAL_TIME_OFFSET ( 8, 0, .AHEAD. ) ;
#942 = ORIENTED_EDGE ( 'NONE', *, *, #1086, .F. ) ;
#943 = ORIENTED_EDGE ( 'NONE', *, *, #1188, .T. ) ;
#944 = ORIENTED_EDGE ( 'NONE', *, *, #1576, .F. ) ;
#945 = CARTESIAN_POINT ( 'NONE',  ( 35.50000000000000000, 13.00000000000000000, 35.49999999999998579 ) ) ;
#946 = FACE_OUTER_BOUND ( 'NONE', #109, .T. ) ;
#947 = APPROVAL_ROLE ( '' ) ;
#948 = VERTEX_POINT ( 'NONE', #1308 ) ;
#949 = VERTEX_POINT ( 'NONE', #1154 ) ;
#950 = VERTEX_POINT ( 'NONE', #1458 ) ;
#951 = ORIENTED_EDGE ( 'NONE', *, *, #663, .T. ) ;
#952 = EDGE_CURVE ( 'NONE', #757, #1193, #885, .T. ) ;
#953 = EDGE_CURVE ( 'NONE', #891, #1655, #1740, .T. ) ;
#954 = LINE ( 'NONE', #945, #873 ) ;
#955 = DIRECTION ( 'NONE',  ( 1.000000000000000000, 0.000000000000000000, 0.000000000000000000 ) ) ;
#956 = DIRECTION ( 'NONE',  ( 0.000000000000000000, 0.000000000000000000, 1.000000000000000000 ) ) ;
#957 = EDGE_CURVE ( 'NONE', #294, #51, #475, .T. ) ;
#958 = VECTOR ( 'NONE', #64, 1000.000000000000000 ) ;
#959 = ORIENTED_EDGE ( 'NONE', *, *, #773, .F. ) ;
#960 = VERTEX_POINT ( 'NONE', #1427 ) ;
#961 = PLANE ( 'NONE',  #1388 ) ;
#962 = DIRECTION ( 'NONE',  ( -0.000000000000000000, -0.000000000000000000, 1.000000000000000000 ) ) ;
#963 = ORIENTED_EDGE ( 'NONE', *, *, #1414, .T. ) ;
#964 = VECTOR ( 'NONE', #676, 1000.000000000000000 ) ;
#965 = CARTESIAN_POINT ( 'NONE',  ( -35.50000000000000000, 3.536156973926000813, -2.549964439927991489 ) ) ;
#966 = VECTOR ( 'NONE', #1703, 1000.000000000000000 ) ;
#967 = CARTESIAN_POINT ( 'NONE',  ( -38.00000000000000000, 0.000000000000000000, 38.00000000000000000 ) ) ;
#968 = ORIENTED_EDGE ( 'NONE', *, *, #591, .T. ) ;
#969 = ADVANCED_FACE ( 'NONE', ( #896 ), #1020, .F. ) ;
#970 = VECTOR ( 'NONE', #44, 1000.000000000000000 ) ;
#971 = LINE ( 'NONE', #838, #780 ) ;
#972 = CARTESIAN_POINT ( 'NONE',  ( 29.99999999999999645, 0.000000000000000000, -28.40000000000000213 ) ) ;
#973 = ORIENTED_EDGE ( 'NONE', *, *, #1394, .F. ) ;
#974 = EDGE_CURVE ( 'NONE', #1491, #818, #1435, .T. ) ;
#975 = CARTESIAN_POINT ( 'NONE',  ( 35.49999999999998579, 0.000000000000000000, -25.00000000000000000 ) ) ;
#976 = CARTESIAN_POINT ( 'NONE',  ( -30.00000000000000355, 2.000000000000000000, 30.00000000000001066 ) ) ;
#977 = EDGE_CURVE ( 'NONE', #1664, #62, #587, .T. ) ;
#978 = VERTEX_POINT ( 'NONE', #1719 ) ;
#979 = ORIENTED_EDGE ( 'NONE', *, *, #1438, .T. ) ;
#980 = CARTESIAN_POINT ( 'NONE',  ( -35.50000000000000000, 2.000000000000000000, 25.00000000000000000 ) ) ;
#981 = DIRECTION ( 'NONE',  ( 0.000000000000000000, 0.000000000000000000, -1.000000000000000000 ) ) ;
#982 = EDGE_LOOP ( 'NONE', ( #859, #645, #1263, #1293 ) ) ;
#983 = AXIS2_PLACEMENT_3D ( 'NONE', #178, #331, #1030 ) ;
#984 = DIRECTION ( 'NONE',  ( 0.7071067811865507924, -0.7071067811865442421, 0.000000000000000000 ) ) ;
#985 = FACE_OUTER_BOUND ( 'NONE', #1045, .T. ) ;
#986 = EDGE_CURVE ( 'NONE', #840, #827, #823, .T. ) ;
#987 = ORIENTED_EDGE ( 'NONE', *, *, #1710, .F. ) ;
#988 = VERTEX_POINT ( 'NONE', #1780 ) ;
#989 = PLANE ( 'NONE',  #211 ) ;
#990 = LINE ( 'NONE', #143, #1145 ) ;
#991 = EDGE_LOOP ( 'NONE', ( #903, #457, #248, #155 ) ) ;
#992 = DIRECTION ( 'NONE',  ( -0.000000000000000000, -0.000000000000000000, -1.000000000000000000 ) ) ;
#993 = VECTOR ( 'NONE', #301, 1000.000000000000000 ) ;
#994 = CARTESIAN_POINT ( 'NONE',  ( 38.00000000000000000, 0.000000000000000000, 37.99999999999998579 ) ) ;
#995 = ADVANCED_FACE ( 'NONE', ( #946 ), #1513, .F. ) ;
#996 = EDGE_LOOP ( 'NONE', ( #237, #118, #1795, #295 ) ) ;
#997 = ORIENTED_EDGE ( 'NONE', *, *, #461, .T. ) ;
#998 = PLANE ( 'NONE',  #1472 ) ;
#999 = CARTESIAN_POINT ( 'NONE',  ( 38.00099999999999767, 2.586156876947001582, 10.25009652019400974 ) ) ;
#1000 = DIRECTION ( 'NONE',  ( -1.000000000000000000, 0.000000000000000000, -0.000000000000000000 ) ) ;
#1001 = DIRECTION ( 'NONE',  ( 0.000000000000000000, 0.000000000000000000, 1.000000000000000000 ) ) ;
#1002 = VECTOR ( 'NONE', #763, 1000.000000000000000 ) ;
#1003 = CARTESIAN_POINT ( 'NONE',  ( -38.00099999999999767, 3.536156973926000813, -2.549964439927989268 ) ) ;
#1004 = VECTOR ( 'NONE', #1123, 1000.000000000000000 ) ;
#1005 = LINE ( 'NONE', #767, #166 ) ;
#1006 = VERTEX_POINT ( 'NONE', #1658 ) ;
#1007 = ORIENTED_EDGE ( 'NONE', *, *, #241, .T. ) ;
#1008 = CARTESIAN_POINT ( 'NONE',  ( -35.30000000000033111, 5.936156973925327485, 1.350035560071337182 ) ) ;
#1009 = CARTESIAN_POINT ( 'NONE',  ( -38.00099999999999767, 2.544734893199339432, -26.77126387592131351 ) ) ;
#1010 = CARTESIAN_POINT ( 'NONE',  ( -38.00000000000000000, 13.00000000000000000, 38.00000000000000000 ) ) ;
#1011 = DIRECTION ( 'NONE',  ( 0.000000000000000000, 0.000000000000000000, 1.000000000000000000 ) ) ;
#1012 = LINE ( 'NONE', #1836, #226 ) ;
#1013 = CARTESIAN_POINT ( 'NONE',  ( -25.00000000000000355, 0.000000000000000000, 35.50000000000002132 ) ) ;
#1014 = ORIENTED_EDGE ( 'NONE', *, *, #771, .F. ) ;
#1015 = EDGE_CURVE ( 'NONE', #108, #1537, #1196, .T. ) ;
#1016 = LOCAL_TIME ( 14, 36, 6.000000000000000000, #1791 ) ;
#1017 = ORIENTED_EDGE ( 'NONE', *, *, #789, .T. ) ;
#1018 = FACE_OUTER_BOUND ( 'NONE', #515, .T. ) ;
#1019 = DIRECTION ( 'NONE',  ( 0.000000000000000000, 1.000000000000000000, 0.000000000000000000 ) ) ;
#1020 = PLANE ( 'NONE',  #1201 ) ;
#1021 = DIRECTION ( 'NONE',  ( -0.000000000000000000, 1.156482317317871725E-16, -1.000000000000000000 ) ) ;
#1022 = FACE_OUTER_BOUND ( 'NONE', #790, .T. ) ;
#1023 = DIRECTION ( 'NONE',  ( -0.000000000000000000, 1.000000000000000000, -0.000000000000000000 ) ) ;
#1024 = DIRECTION ( 'NONE',  ( -1.000000000000000000, 0.000000000000000000, -0.000000000000000000 ) ) ;
#1025 = ORIENTED_EDGE ( 'NONE', *, *, #675, .F. ) ;
#1026 = VECTOR ( 'NONE', #697, 1000.000000000000000 ) ;
#1027 = VERTEX_POINT ( 'NONE', #1768 ) ;
#1028 = ORIENTED_EDGE ( 'NONE', *, *, #663, .F. ) ;
#1029 = DIRECTION ( 'NONE',  ( 0.000000000000000000, 0.000000000000000000, 1.000000000000000000 ) ) ;
#1030 = DIRECTION ( 'NONE',  ( 0.000000000000000000, 0.000000000000000000, 1.000000000000000000 ) ) ;
#1031 = PLANE ( 'NONE',  #28 ) ;
#1032 = FACE_OUTER_BOUND ( 'NONE', #1574, .T. ) ;
#1033 = LINE ( 'NONE', #1751, #1779 ) ;
#1034 = CARTESIAN_POINT ( 'NONE',  ( -35.50000000000000000, 2.586156876947001582, 24.75009652019301143 ) ) ;
#1035 = ADVANCED_FACE ( 'NONE', ( #88, #1652 ), #1762, .T. ) ;
#1036 = DIRECTION ( 'NONE',  ( 1.000000000000000000, 0.000000000000000000, -0.000000000000000000 ) ) ;
#1037 = EDGE_CURVE ( 'NONE', #139, #1654, #796, .T. ) ;
#1038 = ADVANCED_FACE ( 'NONE', ( #1336 ), #1489, .F. ) ;
#1039 = ORIENTED_EDGE ( 'NONE', *, *, #1300, .F. ) ;
#1040 = LINE ( 'NONE', #1607, #1702 ) ;
#1041 = LINE ( 'NONE', #631, #354 ) ;
#1042 = DIRECTION ( 'NONE',  ( 0.000000000000000000, 0.000000000000000000, 1.000000000000000000 ) ) ;
#1043 = CARTESIAN_POINT ( 'NONE',  ( -35.50000000000000000, 10.48615687694600140, 24.75009652019301143 ) ) ;
#1044 = DIRECTION ( 'NONE',  ( -1.000000000000000000, -0.000000000000000000, -0.000000000000000000 ) ) ;
#1045 = EDGE_LOOP ( 'NONE', ( #1584, #1802, #1207, #1096 ) ) ;
#1046 = AXIS2_PLACEMENT_3D ( 'NONE', #1804, #1349, #1512 ) ;
#1047 = CARTESIAN_POINT ( 'NONE',  ( 38.00000000000000000, 13.00000000000000000, 37.99999999999998579 ) ) ;
#1048 = CARTESIAN_POINT ( 'NONE',  ( 0.000000000000000000, 0.000000000000000000, 0.000000000000000000 ) ) ;
#1049 = FACE_OUTER_BOUND ( 'NONE', #1542, .T. ) ;
#1050 = LINE ( 'NONE', #355, #502 ) ;
#1051 = ADVANCED_FACE ( 'NONE', ( #1359 ), #933, .F. ) ;
#1052 = APPROVAL ( #811, '未指定' ) ;
#1053 = ORIENTED_EDGE ( 'NONE', *, *, #1812, .F. ) ;
#1054 = VECTOR ( 'NONE', #1675, 1000.000000000000000 ) ;
#1055 = AXIS2_PLACEMENT_3D ( 'NONE', #1003, #1572, #869 ) ;
#1056 = ORIENTED_EDGE ( 'NONE', *, *, #1375, .F. ) ;
#1057 = EDGE_CURVE ( 'NONE', #1565, #1670, #531, .T. ) ;
#1058 = AXIS2_PLACEMENT_3D ( 'NONE', #1496, #1507, #371 ) ;
#1059 = CARTESIAN_POINT ( 'NONE',  ( -35.50000000000000000, 7.136156973925001701, -2.549964439927989268 ) ) ;
#1060 = LINE ( 'NONE', #1034, #201 ) ;
#1061 = DIRECTION ( 'NONE',  ( 0.000000000000000000, 0.000000000000000000, 1.000000000000000000 ) ) ;
#1062 = VECTOR ( 'NONE', #441, 1000.000000000000000 ) ;
#1063 = ORIENTED_EDGE ( 'NONE', *, *, #1067, .F. ) ;
#1064 = VERTEX_POINT ( 'NONE', #1351 ) ;
#1065 = ORIENTED_EDGE ( 'NONE', *, *, #1281, .T. ) ;
#1066 = VECTOR ( 'NONE', #701, 1000.000000000000000 ) ;
#1067 = EDGE_CURVE ( 'NONE', #1566, #469, #513, .T. ) ;
#1068 = DIRECTION ( 'NONE',  ( -0.000000000000000000, 1.000000000000000000, -0.000000000000000000 ) ) ;
#1069 = DIRECTION ( 'NONE',  ( -0.000000000000000000, 1.000000000000000000, -0.000000000000000000 ) ) ;
#1070 = ORIENTED_EDGE ( 'NONE', *, *, #100, .T. ) ;
#1071 = CIRCLE ( 'NONE', #126, 1.600000000000000755 ) ;
#1072 = EDGE_LOOP ( 'NONE', ( #1774, #561, #1104, #83 ) ) ;
#1073 = VERTEX_POINT ( 'NONE', #506 ) ;
#1074 = AXIS2_PLACEMENT_3D ( 'NONE', #1826, #1113, #1685 ) ;
#1075 = DIRECTION ( 'NONE',  ( 0.000000000000000000, -1.156482317317871725E-16, 1.000000000000000000 ) ) ;
#1076 = DIRECTION ( 'NONE',  ( 0.000000000000000000, 0.000000000000000000, 1.000000000000000000 ) ) ;
#1077 = CARTESIAN_POINT ( 'NONE',  ( -25.00000000000000355, 0.000000000000000000, -25.00000000000000000 ) ) ;
#1078 = APPROVAL_DATE_TIME ( #1085, #1052 ) ;
#1079 = ORIENTED_EDGE ( 'NONE', *, *, #1520, .F. ) ;
#1080 = ORIENTED_EDGE ( 'NONE', *, *, #1620, .F. ) ;
#1081 = VERTEX_POINT ( 'NONE', #1342 ) ;
#1082 = AXIS2_PLACEMENT_3D ( 'NONE', #1313, #776, #1159 ) ;
#1083 = DIRECTION ( 'NONE',  ( -0.000000000000000000, 1.000000000000000000, -0.000000000000000000 ) ) ;
#1084 = FACE_OUTER_BOUND ( 'NONE', #668, .T. ) ;
#1085 = DATE_AND_TIME ( #688, #1338 ) ;
#1086 = EDGE_CURVE ( 'NONE', #800, #1139, #659, .T. ) ;
#1087 = ADVANCED_FACE ( 'NONE', ( #1084 ), #386, .F. ) ;
#1088 = EDGE_LOOP ( 'NONE', ( #217, #678, #1765, #1391 ) ) ;
#1089 = ORIENTED_EDGE ( 'NONE', *, *, #594, .F. ) ;
#1090 = ORIENTED_EDGE ( 'NONE', *, *, #276, .F. ) ;
#1091 = ADVANCED_FACE ( 'NONE', ( #1642 ), #650, .F. ) ;
#1092 = DIRECTION ( 'NONE',  ( -1.000000000000000000, 0.000000000000000000, 0.000000000000000000 ) ) ;
#1093 = CARTESIAN_POINT ( 'NONE',  ( 24.99999999999999645, 0.000000000000000000, 35.50000000000002132 ) ) ;
#1094 = PERSON_AND_ORGANIZATION ( #244, #698 ) ;
#1095 = PLANE ( 'NONE',  #1548 ) ;
#1096 = ORIENTED_EDGE ( 'NONE', *, *, #1577, .T. ) ;
#1097 = ORIENTED_EDGE ( 'NONE', *, *, #671, .F. ) ;
#1098 = CARTESIAN_POINT ( 'NONE',  ( -38.00000000000000000, 2.000000000000004441, -24.99999999999999645 ) ) ;
#1099 = CARTESIAN_POINT ( 'NONE',  ( -35.50000000000000000, 13.00000000000000000, 35.49999999999999289 ) ) ;
#1100 = ORIENTED_EDGE ( 'NONE', *, *, #691, .T. ) ;
#1101 = DIRECTION ( 'NONE',  ( -0.000000000000000000, 1.000000000000000000, -0.000000000000000000 ) ) ;
#1102 = EDGE_CURVE ( 'NONE', #1006, #1240, #1050, .T. ) ;
#1103 = CARTESIAN_POINT ( 'NONE',  ( 24.99999999999999645, 0.000000000000000000, 35.50000000000002132 ) ) ;
#1104 = ORIENTED_EDGE ( 'NONE', *, *, #212, .T. ) ;
#1105 = ADVANCED_FACE ( 'NONE', ( #1789 ), #378, .F. ) ;
#1106 = VECTOR ( 'NONE', #344, 1000.000000000000000 ) ;
#1107 = CARTESIAN_POINT ( 'NONE',  ( 38.00000000000000000, 11.42757760567431369, 26.77163725666866156 ) ) ;
#1108 = CARTESIAN_POINT ( 'NONE',  ( 38.00000000000000000, 13.00000000000000000, 37.99999999999998579 ) ) ;
#1109 = ORIENTED_EDGE ( 'NONE', *, *, #828, .T. ) ;
#1110 = CARTESIAN_POINT ( 'NONE',  ( -38.00000000000000000, 10.48615687694600140, 10.25009652019400974 ) ) ;
#1111 = VECTOR ( 'NONE', #227, 1000.000000000000000 ) ;
#1112 = CARTESIAN_POINT ( 'NONE',  ( 29.99999999999999645, 2.000000000000000000, -30.00000000000000355 ) ) ;
#1113 = DIRECTION ( 'NONE',  ( 0.000000000000000000, 1.000000000000000000, -0.000000000000000000 ) ) ;
#1114 = ORIENTED_EDGE ( 'NONE', *, *, #1829, .T. ) ;
#1115 = EDGE_CURVE ( 'NONE', #1783, #1565, #809, .T. ) ;
#1116 = DIRECTION ( 'NONE',  ( 0.000000000000000000, 1.000000000000000000, -4.956352788505163268E-16 ) ) ;
#1117 = FACE_OUTER_BOUND ( 'NONE', #807, .T. ) ;
#1118 = ORIENTED_EDGE ( 'NONE', *, *, #384, .F. ) ;
#1119 = DIRECTION ( 'NONE',  ( 0.000000000000000000, 1.000000000000000000, 0.000000000000000000 ) ) ;
#1120 = DIRECTION ( 'NONE',  ( 0.000000000000000000, 1.204669080539783624E-16, 1.000000000000000000 ) ) ;
#1121 = ORIENTED_EDGE ( 'NONE', *, *, #106, .T. ) ;
#1122 = EDGE_LOOP ( 'NONE', ( #1192, #670, #329, #959 ) ) ;
#1123 = DIRECTION ( 'NONE',  ( -0.000000000000000000, 1.000000000000000000, -0.000000000000000000 ) ) ;
#1124 = DIRECTION ( 'NONE',  ( -1.000000000000000000, 0.000000000000000000, 1.954618001100627820E-16 ) ) ;
#1125 = ORIENTED_EDGE ( 'NONE', *, *, #1328, .F. ) ;
#1126 = CC_DESIGN_DATE_AND_TIME_ASSIGNMENT ( #1244, #651, ( #1465 ) ) ;
#1127 = VECTOR ( 'NONE', #159, 1000.000000000000000 ) ;
#1128 = FACE_OUTER_BOUND ( 'NONE', #1669, .T. ) ;
#1129 = DIRECTION ( 'NONE',  ( 0.000000000000000000, -1.000000000000000000, 1.204669080539783624E-16 ) ) ;
#1130 = APPROVAL_PERSON_ORGANIZATION ( #235, #346, #266 ) ;
#1131 = ORIENTED_EDGE ( 'NONE', *, *, #923, .T. ) ;
#1132 = LINE ( 'NONE', #1805, #1440 ) ;
#1133 = DIRECTION ( 'NONE',  ( -1.000000000000000000, 0.000000000000000000, 0.000000000000000000 ) ) ;
#1134 = DIRECTION ( 'NONE',  ( 1.000000000000000000, -0.000000000000000000, -0.000000000000000000 ) ) ;
#1135 = PLANE ( 'NONE',  #664 ) ;
#1136 = CIRCLE ( 'NONE', #349, 1.600000000000000755 ) ;
#1137 = VECTOR ( 'NONE', #870, 1000.000000000000000 ) ;
#1138 = CARTESIAN_POINT ( 'NONE',  ( -35.50000000000000000, 7.136156973925001701, -2.549964439927989268 ) ) ;
#1139 = VERTEX_POINT ( 'NONE', #783 ) ;
#1140 = EDGE_CURVE ( 'NONE', #540, #1615, #1132, .T. ) ;
#1141 = CARTESIAN_POINT ( 'NONE',  ( -38.00099999999999767, 11.42757760567431013, -1.228421163448338627 ) ) ;
#1142 = LINE ( 'NONE', #1718, #536 ) ;
#1143 = DIRECTION ( 'NONE',  ( -0.000000000000000000, -1.697856710296495633E-17, -1.000000000000000000 ) ) ;
#1144 = CARTESIAN_POINT ( 'NONE',  ( 35.50000000000000000, 2.544734893199342540, 26.77163725666866156 ) ) ;
#1145 = VECTOR ( 'NONE', #560, 1000.000000000000000 ) ;
#1146 = EDGE_CURVE ( 'NONE', #279, #62, #1152, .T. ) ;
#1147 = CARTESIAN_POINT ( 'NONE',  ( -35.50000000000000000, 9.000000000000005329, -25.00000000000000000 ) ) ;
#1148 = VECTOR ( 'NONE', #1599, 1000.000000000000000 ) ;
#1149 = CARTESIAN_POINT ( 'NONE',  ( 38.00000000000000000, 11.42757760567431013, -26.77126387592131707 ) ) ;
#1150 = ORIENTED_EDGE ( 'NONE', *, *, #1115, .F. ) ;
#1151 = ORIENTED_EDGE ( 'NONE', *, *, #821, .T. ) ;
#1152 = LINE ( 'NONE', #29, #882 ) ;
#1153 = CARTESIAN_POINT ( 'NONE',  ( 35.50000000000000000, 2.000000000000000000, -35.50000000000001421 ) ) ;
#1154 = CARTESIAN_POINT ( 'NONE',  ( -30.00000000000000355, 0.000000000000000000, -31.59999999999999787 ) ) ;
#1155 = DIRECTION ( 'NONE',  ( -1.000000000000000000, -0.000000000000000000, -0.000000000000000000 ) ) ;
#1156 = VECTOR ( 'NONE', #43, 1000.000000000000000 ) ;
#1157 = CARTESIAN_POINT ( 'NONE',  ( -38.00000000000000000, 2.036156973925985714, 38.00000000000000000 ) ) ;
#1158 = CARTESIAN_POINT ( 'NONE',  ( -38.00099999999999767, 11.42757760567431013, -1.228421163448338627 ) ) ;
#1159 = DIRECTION ( 'NONE',  ( -1.000000000000000000, 0.000000000000000000, -0.000000000000000000 ) ) ;
#1160 = VERTEX_POINT ( 'NONE', #1567 ) ;
#1161 = LOCAL_TIME ( 14, 36, 6.000000000000000000, #1667 ) ;
#1162 = ORIENTED_EDGE ( 'NONE', *, *, #460, .F. ) ;
#1163 = ORIENTED_EDGE ( 'NONE', *, *, #70, .F. ) ;
#1164 = EDGE_CURVE ( 'NONE', #527, #950, #167, .T. ) ;
#1165 = PLANE ( 'NONE',  #499 ) ;
#1166 = CARTESIAN_POINT ( 'NONE',  ( 38.00000000000000000, 13.00000000000000000, 37.99999999999998579 ) ) ;
#1167 = CARTESIAN_POINT ( 'NONE',  ( 29.99999999999999645, 0.000000000000000000, 31.59999999999999787 ) ) ;
#1168 = CARTESIAN_POINT ( 'NONE',  ( 24.99999999999999645, 2.000000000000000000, 35.50000000000002132 ) ) ;
#1169 = EDGE_CURVE ( 'NONE', #107, #207, #1578, .T. ) ;
#1170 = CARTESIAN_POINT ( 'NONE',  ( -30.00000000000000355, 0.000000000000000000, -29.99999999999999289 ) ) ;
#1171 = DIRECTION ( 'NONE',  ( -1.000000000000000000, 0.000000000000000000, 1.826024711554533913E-16 ) ) ;
#1172 = DESIGN_CONTEXT ( 'detailed design', #141, 'design' ) ;
#1173 = ADVANCED_FACE ( 'NONE', ( #874, #451, #1018 ), #1534, .F. ) ;
#1174 = DIRECTION ( 'NONE',  ( 0.000000000000000000, -0.000000000000000000, 1.000000000000000000 ) ) ;
#1175 = ORIENTED_EDGE ( 'NONE', *, *, #671, .T. ) ;
#1176 = CIRCLE ( 'NONE', #1257, 1.600000000000000755 ) ;
#1177 = ORIENTED_EDGE ( 'NONE', *, *, #438, .F. ) ;
#1178 = DIRECTION ( 'NONE',  ( 0.000000000000000000, 1.156482317317871478E-16, 1.000000000000000000 ) ) ;
#1179 = CARTESIAN_POINT ( 'NONE',  ( -38.00099999999999767, 11.42757760567431369, 1.228794544195689786 ) ) ;
#1180 = CARTESIAN_POINT ( 'NONE',  ( -30.00000000000000355, 0.000000000000000000, 30.00000000000001066 ) ) ;
#1181 = PLANE ( 'NONE',  #1480 ) ;
#1182 = CARTESIAN_POINT ( 'NONE',  ( 29.99999999999999645, 0.000000000000000000, -31.60000000000000142 ) ) ;
#1183 = PLANE ( 'NONE',  #56 ) ;
#1184 = ORIENTED_EDGE ( 'NONE', *, *, #1241, .F. ) ;
#1185 = DIRECTION ( 'NONE',  ( 0.000000000000000000, 0.000000000000000000, 1.000000000000000000 ) ) ;
#1186 = CARTESIAN_POINT ( 'NONE',  ( -25.00000000000000000, 0.000000000000000000, 25.00000000000000000 ) ) ;
#1187 = CARTESIAN_POINT ( 'NONE',  ( 29.99999999999999645, 2.000000000000000000, -30.00000000000000355 ) ) ;
#1188 = EDGE_CURVE ( 'NONE', #814, #363, #575, .T. ) ;
#1189 = LINE ( 'NONE', #1761, #343 ) ;
#1190 = CARTESIAN_POINT ( 'NONE',  ( 35.49999999999998579, 0.000000000000000000, -25.00000000000000000 ) ) ;
#1191 = EDGE_CURVE ( 'NONE', #1689, #108, #252, .T. ) ;
#1192 = ORIENTED_EDGE ( 'NONE', *, *, #709, .T. ) ;
#1193 = VERTEX_POINT ( 'NONE', #548 ) ;
#1194 = CARTESIAN_POINT ( 'NONE',  ( -36.50000000000000000, 3.536156973926000813, 2.550035560071011176 ) ) ;
#1195 = CARTESIAN_POINT ( 'NONE',  ( -36.50000000000000000, 3.536156973926000813, -2.549964439927989268 ) ) ;
#1196 = LINE ( 'NONE', #1205, #1111 ) ;
#1197 = ORIENTED_EDGE ( 'NONE', *, *, #1517, .T. ) ;
#1198 = EDGE_LOOP ( 'NONE', ( #1151, #1063, #1080, #1355 ) ) ;
#1199 = VECTOR ( 'NONE', #1433, 1000.000000000000000 ) ;
#1200 = ORIENTED_EDGE ( 'NONE', *, *, #522, .F. ) ;
#1201 = AXIS2_PLACEMENT_3D ( 'NONE', #1749, #191, #1296 ) ;
#1202 = VECTOR ( 'NONE', #1155, 1000.000000000000000 ) ;
#1203 = CYLINDRICAL_SURFACE ( 'NONE', #1482, 1.600000000000000755 ) ;
#1204 = CARTESIAN_POINT ( 'NONE',  ( 35.50000000000000000, 11.42757760567431369, 26.77163725666866512 ) ) ;
#1205 = CARTESIAN_POINT ( 'NONE',  ( -35.50000000000000000, 2.000000000000004441, -24.99999999999999645 ) ) ;
#1206 = PERSON_AND_ORGANIZATION ( #244, #698 ) ;
#1207 = ORIENTED_EDGE ( 'NONE', *, *, #1102, .T. ) ;
#1208 = ORIENTED_EDGE ( 'NONE', *, *, #1755, .F. ) ;
#1209 = EDGE_LOOP ( 'NONE', ( #39, #185 ) ) ;
#1210 = CARTESIAN_POINT ( 'NONE',  ( -35.50000000000000000, 2.586156876947001582, 10.25009652019400974 ) ) ;
#1211 = DIRECTION ( 'NONE',  ( -0.000000000000000000, -1.000000000000000000, -0.000000000000000000 ) ) ;
#1212 = DIRECTION ( 'NONE',  ( 1.000000000000000000, 0.000000000000000000, -0.000000000000000000 ) ) ;
#1213 = PERSON_AND_ORGANIZATION ( #244, #698 ) ;
#1214 = EDGE_LOOP ( 'NONE', ( #398, #1305, #1346, #119 ) ) ;
#1215 = VECTOR ( 'NONE', #750, 1000.000000000000000 ) ;
#1216 = ORIENTED_EDGE ( 'NONE', *, *, #438, .T. ) ;
#1217 = ORIENTED_EDGE ( 'NONE', *, *, #608, .T. ) ;
#1218 = VECTOR ( 'NONE', #1274, 1000.000000000000000 ) ;
#1219 = VECTOR ( 'NONE', #370, 1000.000000000000000 ) ;
#1220 = FACE_OUTER_BOUND ( 'NONE', #221, .T. ) ;
#1221 = EDGE_CURVE ( 'NONE', #707, #1354, #1231, .T. ) ;
#1222 = EDGE_CURVE ( 'NONE', #198, #960, #883, .T. ) ;
#1223 = DIRECTION ( 'NONE',  ( 1.000000000000000000, 0.000000000000000000, -9.773090005503139098E-17 ) ) ;
#1224 = EDGE_CURVE ( 'NONE', #437, #609, #1666, .T. ) ;
#1225 = ORIENTED_EDGE ( 'NONE', *, *, #1757, .F. ) ;
#1226 = EDGE_LOOP ( 'NONE', ( #406, #1381, #871, #973 ) ) ;
#1227 = ORIENTED_EDGE ( 'NONE', *, *, #380, .T. ) ;
#1228 = VECTOR ( 'NONE', #1587, 1000.000000000000000 ) ;
#1229 = AXIS2_PLACEMENT_3D ( 'NONE', #182, #1439, #503 ) ;
#1230 = DIRECTION ( 'NONE',  ( 0.000000000000000000, 1.000000000000000000, 0.000000000000000000 ) ) ;
#1231 = LINE ( 'NONE', #315, #1228 ) ;
#1232 = EDGE_LOOP ( 'NONE', ( #1, #347, #654, #236 ) ) ;
#1233 = ORIENTED_EDGE ( 'NONE', *, *, #1340, .F. ) ;
#1234 = ORIENTED_EDGE ( 'NONE', *, *, #1282, .F. ) ;
#1235 = ORIENTED_EDGE ( 'NONE', *, *, #384, .T. ) ;
#1236 = VECTOR ( 'NONE', #817, 1000.000000000000000 ) ;
#1237 = AXIS2_PLACEMENT_3D ( 'NONE', #376, #77, #1092 ) ;
#1238 = FACE_OUTER_BOUND ( 'NONE', #1756, .T. ) ;
#1239 = FACE_OUTER_BOUND ( 'NONE', #1404, .T. ) ;
#1240 = VERTEX_POINT ( 'NONE', #965 ) ;
#1241 = EDGE_CURVE ( 'NONE', #804, #699, #1392, .T. ) ;
#1242 = LINE ( 'NONE', #1283, #435 ) ;
#1243 = EDGE_CURVE ( 'NONE', #1073, #470, #822, .T. ) ;
#1244 = DATE_AND_TIME ( #1508, #667 ) ;
#1245 = EDGE_CURVE ( 'NONE', #90, #1264, #1383, .T. ) ;
#1246 = ORIENTED_EDGE ( 'NONE', *, *, #1806, .T. ) ;
#1247 = ORIENTED_EDGE ( 'NONE', *, *, #1753, .F. ) ;
#1248 = LINE ( 'NONE', #1272, #1720 ) ;
#1249 = DIRECTION ( 'NONE',  ( -0.000000000000000000, 1.000000000000000000, -0.000000000000000000 ) ) ;
#1250 = VERTEX_POINT ( 'NONE', #687 ) ;
#1251 = CIRCLE ( 'NONE', #1365, 1.600000000000000755 ) ;
#1252 = CARTESIAN_POINT ( 'NONE',  ( 29.99999999999999645, 0.000000000000000000, 28.39999999999999503 ) ) ;
#1253 = FACE_OUTER_BOUND ( 'NONE', #1519, .T. ) ;
#1254 = EDGE_LOOP ( 'NONE', ( #1803, #291, #270, #238 ) ) ;
#1255 = ORIENTED_EDGE ( 'NONE', *, *, #636, .T. ) ;
#1256 = EDGE_CURVE ( 'NONE', #1510, #901, #1242, .T. ) ;
#1257 = AXIS2_PLACEMENT_3D ( 'NONE', #976, #275, #844 ) ;
#1258 = DIRECTION ( 'NONE',  ( -1.000000000000000000, -0.000000000000000000, -0.000000000000000000 ) ) ;
#1259 = CARTESIAN_POINT ( 'NONE',  ( -35.50000000000000000, 10.48615687694600140, 10.25009652019400974 ) ) ;
#1260 = ORIENTED_EDGE ( 'NONE', *, *, #338, .T. ) ;
#1261 = LINE ( 'NONE', #1437, #1127 ) ;
#1262 = CARTESIAN_POINT ( 'NONE',  ( -25.00000000000000355, 0.000000000000000000, -25.00000000000000000 ) ) ;
#1263 = ORIENTED_EDGE ( 'NONE', *, *, #1796, .T. ) ;
#1264 = VERTEX_POINT ( 'NONE', #1816 ) ;
#1265 = EDGE_CURVE ( 'NONE', #540, #792, #696, .T. ) ;
#1266 = FACE_BOUND ( 'NONE', #1254, .T. ) ;
#1267 = LINE ( 'NONE', #133, #1298 ) ;
#1268 = VERTEX_POINT ( 'NONE', #8 ) ;
#1269 = CARTESIAN_POINT ( 'NONE',  ( 24.99999999999999645, 0.000000000000000000, 35.50000000000002132 ) ) ;
#1270 = DIRECTION ( 'NONE',  ( 0.000000000000000000, 1.000000000000000000, 0.000000000000000000 ) ) ;
#1271 = ORIENTED_EDGE ( 'NONE', *, *, #239, .F. ) ;
#1272 = CARTESIAN_POINT ( 'NONE',  ( 35.50000000000000000, 2.000000000000000000, 35.49999999999998579 ) ) ;
#1273 = CARTESIAN_POINT ( 'NONE',  ( -35.50000000000000000, 2.000000000000000000, 35.49999999999999289 ) ) ;
#1274 = DIRECTION ( 'NONE',  ( 1.000000000000000000, -0.000000000000000000, -0.000000000000000000 ) ) ;
#1275 = ADVANCED_FACE ( 'NONE', ( #439 ), #998, .F. ) ;
#1276 = DIRECTION ( 'NONE',  ( -1.000000000000000000, 0.000000000000000000, 0.000000000000000000 ) ) ;
#1277 = EDGE_CURVE ( 'NONE', #554, #928, #585, .T. ) ;
#1278 = ORIENTED_EDGE ( 'NONE', *, *, #296, .F. ) ;
#1279 = CIRCLE ( 'NONE', #494, 1.600000000000000755 ) ;
#1280 = ORIENTED_EDGE ( 'NONE', *, *, #1592, .T. ) ;
#1281 = EDGE_CURVE ( 'NONE', #231, #629, #737, .T. ) ;
#1282 = EDGE_CURVE ( 'NONE', #1537, #1686, #330, .T. ) ;
#1283 = CARTESIAN_POINT ( 'NONE',  ( 38.00000000000000000, 0.000000000000000000, 37.99999999999998579 ) ) ;
#1284 = DIRECTION ( 'NONE',  ( 0.000000000000000000, -1.000000000000000000, 0.000000000000000000 ) ) ;
#1285 = DIRECTION ( 'NONE',  ( -0.000000000000000000, 1.000000000000000000, -0.000000000000000000 ) ) ;
#1286 = CARTESIAN_POINT ( 'NONE',  ( -25.00000000000000355, 2.000000000000000000, 35.50000000000002132 ) ) ;
#1287 = AXIS2_PLACEMENT_3D ( 'NONE', #746, #1737, #1029 ) ;
#1288 = VECTOR ( 'NONE', #1312, 1000.000000000000000 ) ;
#1289 = LINE ( 'NONE', #1544, #1473 ) ;
#1290 = VECTOR ( 'NONE', #537, 1000.000000000000000 ) ;
#1291 = DIRECTION ( 'NONE',  ( -3.304235192336768116E-16, -0.000000000000000000, 1.000000000000000000 ) ) ;
#1292 = AXIS2_PLACEMENT_3D ( 'NONE', #1428, #274, #1011 ) ;
#1293 = ORIENTED_EDGE ( 'NONE', *, *, #74, .T. ) ;
#1294 = DIRECTION ( 'NONE',  ( -0.000000000000000000, -0.000000000000000000, 1.000000000000000000 ) ) ;
#1295 = PLANE ( 'NONE',  #605 ) ;
#1296 = DIRECTION ( 'NONE',  ( 0.000000000000000000, -0.000000000000000000, -1.000000000000000000 ) ) ;
#1297 = CARTESIAN_POINT ( 'NONE',  ( -36.50000000000000000, 3.536156973926000813, 2.550035560071011176 ) ) ;
#1298 = VECTOR ( 'NONE', #1249, 1000.000000000000000 ) ;
#1299 = DIRECTION ( 'NONE',  ( -0.000000000000000000, 1.000000000000000000, -0.000000000000000000 ) ) ;
#1300 = EDGE_CURVE ( 'NONE', #679, #901, #770, .T. ) ;
#1301 = CARTESIAN_POINT ( 'NONE',  ( 35.49999999999998579, 0.000000000000000000, -25.00000000000000000 ) ) ;
#1302 = ORIENTED_EDGE ( 'NONE', *, *, #634, .F. ) ;
#1303 = EDGE_CURVE ( 'NONE', #229, #679, #52, .T. ) ;
#1304 = ORIENTED_EDGE ( 'NONE', *, *, #1830, .T. ) ;
#1305 = ORIENTED_EDGE ( 'NONE', *, *, #74, .F. ) ;
#1306 = DIRECTION ( 'NONE',  ( -0.000000000000000000, -0.000000000000000000, 1.000000000000000000 ) ) ;
#1307 = DIRECTION ( 'NONE',  ( 0.000000000000000000, -1.000000000000000000, 1.204669080539783377E-16 ) ) ;
#1308 = CARTESIAN_POINT ( 'NONE',  ( 24.99999999999999645, 0.000000000000000000, 25.00000000000000000 ) ) ;
#1309 = LINE ( 'NONE', #1321, #1202 ) ;
#1310 = AXIS2_PLACEMENT_3D ( 'NONE', #765, #69, #632 ) ;
#1311 = CARTESIAN_POINT ( 'NONE',  ( 38.00000000000000000, 11.42757760567431369, 1.228794544195689786 ) ) ;
#1312 = DIRECTION ( 'NONE',  ( 0.000000000000000000, -0.000000000000000000, -1.000000000000000000 ) ) ;
#1313 = CARTESIAN_POINT ( 'NONE',  ( 38.00099999999999767, 2.586156876947001582, 10.25009652019400974 ) ) ;
#1314 = VERTEX_POINT ( 'NONE', #894 ) ;
#1315 = APPROVAL_PERSON_ORGANIZATION ( #1213, #1659, #947 ) ;
#1316 = EDGE_CURVE ( 'NONE', #948, #707, #1040, .T. ) ;
#1317 = EDGE_LOOP ( 'NONE', ( #1118, #175 ) ) ;
#1318 = DIRECTION ( 'NONE',  ( -0.000000000000000000, 1.000000000000000000, -0.000000000000000000 ) ) ;
#1319 = CARTESIAN_POINT ( 'NONE',  ( -35.50000000000000000, 2.000000000000002665, -10.00000000000000178 ) ) ;
#1320 = DIRECTION ( 'NONE',  ( 1.000000000000000000, -0.000000000000000000, 0.000000000000000000 ) ) ;
#1321 = CARTESIAN_POINT ( 'NONE',  ( 38.00099999999999767, 2.586156876947001582, 24.75009652019301143 ) ) ;
#1322 = DIRECTION ( 'NONE',  ( 0.000000000000000000, 0.000000000000000000, 1.000000000000000000 ) ) ;
#1323 = CARTESIAN_POINT ( 'NONE',  ( 35.50000000000000000, 11.42757760567431369, 1.228794544195689786 ) ) ;
#1324 = CARTESIAN_POINT ( 'NONE',  ( 38.00000000000000000, 11.42757760567431369, 1.228794544195689786 ) ) ;
#1325 = AXIS2_PLACEMENT_3D ( 'NONE', #742, #1024, #67 ) ;
#1326 = ORIENTED_EDGE ( 'NONE', *, *, #1576, .T. ) ;
#1327 = CARTESIAN_POINT ( 'NONE',  ( 38.00000000000000000, 13.00000000000000000, -38.00000000000001421 ) ) ;
#1328 = EDGE_CURVE ( 'NONE', #313, #108, #473, .T. ) ;
#1329 = LINE ( 'NONE', #886, #958 ) ;
#1330 = CARTESIAN_POINT ( 'NONE',  ( 38.00000000000000000, 11.42757760567431013, -26.77126387592131351 ) ) ;
#1331 = DIRECTION ( 'NONE',  ( 1.000000000000000000, 0.000000000000000000, -0.000000000000000000 ) ) ;
#1332 = CARTESIAN_POINT ( 'NONE',  ( 35.50000000000000000, 13.00000000000000000, 35.49999999999998579 ) ) ;
#1333 = ORIENTED_EDGE ( 'NONE', *, *, #622, .T. ) ;
#1334 = DIRECTION ( 'NONE',  ( 0.000000000000000000, -1.000000000000000000, 1.697856710296495633E-17 ) ) ;
#1335 = FACE_OUTER_BOUND ( 'NONE', #97, .T. ) ;
#1336 = FACE_OUTER_BOUND ( 'NONE', #1713, .T. ) ;
#1337 = ORIENTED_EDGE ( 'NONE', *, *, #1140, .F. ) ;
#1338 = LOCAL_TIME ( 14, 36, 6.000000000000000000, #1498 ) ;
#1339 = ORIENTED_EDGE ( 'NONE', *, *, #773, .T. ) ;
#1340 = EDGE_CURVE ( 'NONE', #804, #1645, #1136, .T. ) ;
#1341 = PLANE ( 'NONE',  #1237 ) ;
#1342 = CARTESIAN_POINT ( 'NONE',  ( 38.00000000000000000, 11.42757760567431369, 26.77163725666866156 ) ) ;
#1343 = DATE_AND_TIME ( #80, #1016 ) ;
#1344 = AXIS2_PLACEMENT_3D ( 'NONE', #196, #1023, #751 ) ;
#1345 = ORIENTED_EDGE ( 'NONE', *, *, #192, .T. ) ;
#1346 = ORIENTED_EDGE ( 'NONE', *, *, #1555, .F. ) ;
#1347 = EDGE_LOOP ( 'NONE', ( #1661, #1177, #732, #1326 ) ) ;
#1348 = AXIS2_PLACEMENT_3D ( 'NONE', #102, #73, #802 ) ;
#1349 = DIRECTION ( 'NONE',  ( 0.000000000000000000, 0.000000000000000000, 1.000000000000000000 ) ) ;
#1350 = DIRECTION ( 'NONE',  ( 1.000000000000000000, -0.000000000000000000, -0.000000000000000000 ) ) ;
#1351 = CARTESIAN_POINT ( 'NONE',  ( -25.00000000000000355, 2.000000000000000000, -35.50000000000001421 ) ) ;
#1352 = DIRECTION ( 'NONE',  ( 1.000000000000000000, 0.000000000000000000, 0.000000000000000000 ) ) ;
#1353 = ORIENTED_EDGE ( 'NONE', *, *, #60, .T. ) ;
#1354 = VERTEX_POINT ( 'NONE', #63 ) ;
#1355 = ORIENTED_EDGE ( 'NONE', *, *, #1785, .T. ) ;
#1356 = EDGE_CURVE ( 'NONE', #949, #27, #1467, .T. ) ;
#1357 = ADVANCED_FACE ( 'NONE', ( #1758 ), #1165, .F. ) ;
#1358 = FACE_OUTER_BOUND ( 'NONE', #1363, .T. ) ;
#1359 = FACE_OUTER_BOUND ( 'NONE', #1764, .T. ) ;
#1360 = DATE_AND_TIME ( #803, #492 ) ;
#1361 = ORIENTED_EDGE ( 'NONE', *, *, #828, .F. ) ;
#1362 = ORIENTED_EDGE ( 'NONE', *, *, #1222, .F. ) ;
#1363 = EDGE_LOOP ( 'NONE', ( #305, #532, #76, #680 ) ) ;
#1364 = VECTOR ( 'NONE', #152, 1000.000000000000000 ) ;
#1365 = AXIS2_PLACEMENT_3D ( 'NONE', #521, #1630, #1076 ) ;
#1366 = LINE ( 'NONE', #1098, #1824 ) ;
#1367 = CARTESIAN_POINT ( 'NONE',  ( -38.00099999999999767, 7.136156973925001701, -2.549964439927989268 ) ) ;
#1368 = PERSON_AND_ORGANIZATION ( #244, #698 ) ;
#1369 = ORIENTED_EDGE ( 'NONE', *, *, #888, .T. ) ;
#1370 = ORIENTED_EDGE ( 'NONE', *, *, #709, .F. ) ;
#1371 = ORIENTED_EDGE ( 'NONE', *, *, #636, .F. ) ;
#1372 = ORIENTED_EDGE ( 'NONE', *, *, #1256, .F. ) ;
#1373 = VECTOR ( 'NONE', #114, 1000.000000000000114 ) ;
#1374 = VECTOR ( 'NONE', #1171, 1000.000000000000000 ) ;
#1375 = EDGE_CURVE ( 'NONE', #1663, #949, #18, .T. ) ;
#1376 = VECTOR ( 'NONE', #1143, 1000.000000000000000 ) ;
#1377 = CC_DESIGN_PERSON_AND_ORGANIZATION_ASSIGNMENT ( #514, #1799, ( #1612 ) ) ;
#1378 = VECTOR ( 'NONE', #24, 1000.000000000000000 ) ;
#1379 = CARTESIAN_POINT ( 'NONE',  ( 29.99999999999999645, 2.000000000000000000, 29.99999999999999645 ) ) ;
#1380 = CARTESIAN_POINT ( 'NONE',  ( -38.00099999999999767, 9.000000000000005329, -25.00000000000000000 ) ) ;
#1381 = ORIENTED_EDGE ( 'NONE', *, *, #524, .T. ) ;
#1382 = EDGE_CURVE ( 'NONE', #1689, #1160, #189, .T. ) ;
#1383 = LINE ( 'NONE', #1008, #1373 ) ;
#1384 = PERSON_AND_ORGANIZATION_ROLE ( 'creator' ) ;
#1385 = FACE_OUTER_BOUND ( 'NONE', #1526, .T. ) ;
#1386 = ORIENTED_EDGE ( 'NONE', *, *, #1303, .T. ) ;
#1387 = VECTOR ( 'NONE', #962, 1000.000000000000000 ) ;
#1388 = AXIS2_PLACEMENT_3D ( 'NONE', #545, #111, #401 ) ;
#1389 = CARTESIAN_POINT ( 'NONE',  ( 35.50000000000000000, 11.42757760567431013, -1.228421163448338627 ) ) ;
#1390 = LINE ( 'NONE', #577, #1236 ) ;
#1391 = ORIENTED_EDGE ( 'NONE', *, *, #264, .F. ) ;
#1392 = LINE ( 'NONE', #1524, #1199 ) ;
#1393 = DIRECTION ( 'NONE',  ( 0.000000000000000000, 1.000000000000000000, 0.000000000000000000 ) ) ;
#1394 = EDGE_CURVE ( 'NONE', #891, #231, #1005, .T. ) ;
#1395 = ORIENTED_EDGE ( 'NONE', *, *, #1224, .F. ) ;
#1396 = ORIENTED_EDGE ( 'NONE', *, *, #1300, .T. ) ;
#1397 = VECTOR ( 'NONE', #774, 1000.000000000000000 ) ;
#1398 = LINE ( 'NONE', #850, #686 ) ;
#1399 = LINE ( 'NONE', #1099, #1387 ) ;
#1400 = VERTEX_POINT ( 'NONE', #302 ) ;
#1401 = PLANE ( 'NONE',  #368 ) ;
#1402 = CARTESIAN_POINT ( 'NONE',  ( -36.50000000000000000, 3.536156973926000813, -2.549964439927989268 ) ) ;
#1403 = ADVANCED_FACE ( 'NONE', ( #1745, #480 ), #1183, .T. ) ;
#1404 = EDGE_LOOP ( 'NONE', ( #1828, #1039, #785, #997 ) ) ;
#1405 = ORIENTED_EDGE ( 'NONE', *, *, #397, .F. ) ;
#1406 = AXIS2_PLACEMENT_3D ( 'NONE', #1112, #1393, #1700 ) ;
#1407 = CARTESIAN_POINT ( 'NONE',  ( -38.00000000000000000, 9.000000000000007105, -10.00000000000000178 ) ) ;
#1408 = CARTESIAN_POINT ( 'NONE',  ( 35.50000000000000000, 13.00000000000000000, 35.49999999999998579 ) ) ;
#1409 = ORIENTED_EDGE ( 'NONE', *, *, #573, .F. ) ;
#1410 = DIRECTION ( 'NONE',  ( 0.000000000000000000, 1.000000000000000000, 0.000000000000000000 ) ) ;
#1411 = FACE_OUTER_BOUND ( 'NONE', #872, .T. ) ;
#1412 = ORIENTED_EDGE ( 'NONE', *, *, #497, .F. ) ;
#1413 = ADVANCED_FACE ( 'NONE', ( #753 ), #1430, .F. ) ;
#1414 = EDGE_CURVE ( 'NONE', #1442, #1354, #468, .T. ) ;
#1415 = CARTESIAN_POINT ( 'NONE',  ( -25.00000000000000355, 2.000000000000000000, -25.00000000000000000 ) ) ;
#1416 = FACE_OUTER_BOUND ( 'NONE', #163, .T. ) ;
#1417 = ORIENTED_EDGE ( 'NONE', *, *, #1086, .T. ) ;
#1418 = ADVANCED_FACE ( 'NONE', ( #890 ), #1605, .F. ) ;
#1419 = FACE_OUTER_BOUND ( 'NONE', #653, .T. ) ;
#1420 = DIRECTION ( 'NONE',  ( 0.000000000000000000, 1.000000000000000000, 0.000000000000000000 ) ) ;
#1421 = EDGE_CURVE ( 'NONE', #1160, #540, #909, .T. ) ;
#1422 = ORIENTED_EDGE ( 'NONE', *, *, #1277, .T. ) ;
#1423 = EDGE_CURVE ( 'NONE', #1654, #437, #1441, .T. ) ;
#1424 = ORIENTED_EDGE ( 'NONE', *, *, #953, .F. ) ;
#1425 = DIRECTION ( 'NONE',  ( -1.000000000000000000, 0.000000000000000000, -3.304235192336768116E-16 ) ) ;
#1426 = CARTESIAN_POINT ( 'NONE',  ( -38.00099999999999767, 2.000000000000004441, -24.99999999999999645 ) ) ;
#1427 = CARTESIAN_POINT ( 'NONE',  ( 29.99999999999999645, 2.000000000000000000, 28.39999999999999503 ) ) ;
#1428 = CARTESIAN_POINT ( 'NONE',  ( 29.99999999999999645, 0.000000000000000000, -30.00000000000000355 ) ) ;
#1429 = PLANE ( 'NONE',  #1827 ) ;
#1430 = PLANE ( 'NONE',  #500 ) ;
#1431 = ORIENTED_EDGE ( 'NONE', *, *, #461, .F. ) ;
#1432 = ORIENTED_EDGE ( 'NONE', *, *, #1316, .T. ) ;
#1433 = DIRECTION ( 'NONE',  ( -0.000000000000000000, 1.000000000000000000, -0.000000000000000000 ) ) ;
#1434 = CARTESIAN_POINT ( 'NONE',  ( -38.00099999999999767, 11.42757760567431369, 26.77163725666866156 ) ) ;
#1435 = LINE ( 'NONE', #31, #81 ) ;
#1436 = EDGE_CURVE ( 'NONE', #950, #1454, #174, .T. ) ;
#1437 = CARTESIAN_POINT ( 'NONE',  ( 35.49999999999998579, 0.000000000000000000, 25.00000000000000000 ) ) ;
#1438 = EDGE_CURVE ( 'NONE', #1268, #1491, #1734, .T. ) ;
#1439 = DIRECTION ( 'NONE',  ( 0.000000000000000000, -1.000000000000000000, -1.156482317317871725E-16 ) ) ;
#1440 = VECTOR ( 'NONE', #1294, 1000.000000000000000 ) ;
#1441 = LINE ( 'NONE', #617, #471 ) ;
#1442 = VERTEX_POINT ( 'NONE', #1463 ) ;
#1443 = VECTOR ( 'NONE', #772, 1000.000000000000000 ) ;
#1444 = ORIENTED_EDGE ( 'NONE', *, *, #1775, .T. ) ;
#1445 = DIRECTION ( 'NONE',  ( 0.000000000000000000, 0.000000000000000000, -1.000000000000000000 ) ) ;
#1446 = LINE ( 'NONE', #1153, #1156 ) ;
#1447 = DIRECTION ( 'NONE',  ( -1.000000000000000000, 0.000000000000000000, 1.954618001100627820E-16 ) ) ;
#1448 = CARTESIAN_POINT ( 'NONE',  ( 29.99999999999999645, 0.000000000000000000, 28.39999999999999503 ) ) ;
#1449 = DIRECTION ( 'NONE',  ( 0.000000000000000000, -0.000000000000000000, 1.000000000000000000 ) ) ;
#1450 = CARTESIAN_POINT ( 'NONE',  ( 38.00000000000000000, 11.42757760567431013, -1.228421163448338627 ) ) ;
#1451 = CARTESIAN_POINT ( 'NONE',  ( 0.000000000000000000, 2.000000000000000000, 0.000000000000000000 ) ) ;
#1452 = ORIENTED_EDGE ( 'NONE', *, *, #727, .T. ) ;
#1453 = EDGE_CURVE ( 'NONE', #62, #1455, #197, .T. ) ;
#1454 = VERTEX_POINT ( 'NONE', #628 ) ;
#1455 = VERTEX_POINT ( 'NONE', #311 ) ;
#1456 = DIRECTION ( 'NONE',  ( -0.000000000000000000, 0.000000000000000000, -1.000000000000000000 ) ) ;
#1457 = LINE ( 'NONE', #1166, #695 ) ;
#1458 = CARTESIAN_POINT ( 'NONE',  ( -38.00000000000000000, 9.000000000000005329, -25.00000000000000000 ) ) ;
#1459 = DIRECTION ( 'NONE',  ( 0.000000000000000000, 1.000000000000000000, 0.000000000000000000 ) ) ;
#1460 = VECTOR ( 'NONE', #1731, 1000.000000000000000 ) ;
#1461 = DIRECTION ( 'NONE',  ( 1.826024711554534160E-16, -0.000000000000000000, 1.000000000000000000 ) ) ;
#1462 = LINE ( 'NONE', #1470, #314 ) ;
#1463 = CARTESIAN_POINT ( 'NONE',  ( 35.50000000000000000, 2.000000000000000000, 35.49999999999998579 ) ) ;
#1464 = CC_DESIGN_PERSON_AND_ORGANIZATION_ASSIGNMENT ( #1094, #405, ( #288 ) ) ;
#1465 = SECURITY_CLASSIFICATION ( '', '', #549 ) ;
#1466 = ORIENTED_EDGE ( 'NONE', *, *, #322, .T. ) ;
#1467 = LINE ( 'NONE', #630, #819 ) ;
#1468 = CYLINDRICAL_SURFACE ( 'NONE', #409, 1.600000000000000755 ) ;
#1469 = DIRECTION ( 'NONE',  ( 0.000000000000000000, 0.000000000000000000, -1.000000000000000000 ) ) ;
#1470 = CARTESIAN_POINT ( 'NONE',  ( 38.00000000000000000, 0.000000000000000000, 37.99999999999998579 ) ) ;
#1471 = CARTESIAN_POINT ( 'NONE',  ( 24.99999999999999645, 0.000000000000000000, -35.50000000000001421 ) ) ;
#1472 = AXIS2_PLACEMENT_3D ( 'NONE', #864, #1425, #1717 ) ;
#1473 = VECTOR ( 'NONE', #423, 1000.000000000000000 ) ;
#1474 = ORIENTED_EDGE ( 'NONE', *, *, #1676, .F. ) ;
#1475 = EDGE_CURVE ( 'NONE', #1502, #256, #731, .T. ) ;
#1476 = DIRECTION ( 'NONE',  ( -0.000000000000000000, 1.000000000000000000, -0.000000000000000000 ) ) ;
#1477 = EDGE_CURVE ( 'NONE', #1250, #644, #487, .T. ) ;
#1478 = CARTESIAN_POINT ( 'NONE',  ( 29.99999999999999645, 0.000000000000000000, 31.59999999999999787 ) ) ;
#1479 = CARTESIAN_POINT ( 'NONE',  ( -36.50000000000000000, 3.536156973926000813, -2.549964439927989268 ) ) ;
#1480 = AXIS2_PLACEMENT_3D ( 'NONE', #781, #1461, #1629 ) ;
#1481 = DIRECTION ( 'NONE',  ( -0.000000000000000000, 1.000000000000000000, -0.000000000000000000 ) ) ;
#1482 = AXIS2_PLACEMENT_3D ( 'NONE', #1797, #1068, #1639 ) ;
#1483 = EDGE_CURVE ( 'NONE', #837, #609, #1723, .T. ) ;
#1484 = EDGE_LOOP ( 'NONE', ( #847, #1345, #1114, #681 ) ) ;
#1485 = VERTEX_POINT ( 'NONE', #1149 ) ;
#1486 = DIRECTION ( 'NONE',  ( 0.000000000000000000, -1.697856710296495633E-17, -1.000000000000000000 ) ) ;
#1487 = LINE ( 'NONE', #233, #195 ) ;
#1488 = VECTOR ( 'NONE', #168, 1000.000000000000000 ) ;
#1489 = PLANE ( 'NONE',  #1058 ) ;
#1490 = ORIENTED_EDGE ( 'NONE', *, *, #304, .F. ) ;
#1491 = VERTEX_POINT ( 'NONE', #1013 ) ;
#1492 =( GEOMETRIC_REPRESENTATION_CONTEXT ( 3 ) GLOBAL_UNCERTAINTY_ASSIGNED_CONTEXT ( ( #752 ) ) GLOBAL_UNIT_ASSIGNED_CONTEXT ( ( #1506, #361, #94 ) ) REPRESENTATION_CONTEXT ( 'NONE', 'WORKASPACE' ) );
#1493 = ORIENTED_EDGE ( 'NONE', *, *, #639, .T. ) ;
#1494 = DIRECTION ( 'NONE',  ( 0.000000000000000000, 0.000000000000000000, 1.000000000000000000 ) ) ;
#1495 = DIRECTION ( 'NONE',  ( 0.000000000000000000, 0.000000000000000000, 1.000000000000000000 ) ) ;
#1496 = CARTESIAN_POINT ( 'NONE',  ( 38.00099999999999767, 2.586156876947001582, 24.75009652019301143 ) ) ;
#1497 = ADVANCED_FACE ( 'NONE', ( #456 ), #1583, .F. ) ;
#1498 = COORDINATED_UNIVERSAL_TIME_OFFSET ( 8, 0, .AHEAD. ) ;
#1499 = VECTOR ( 'NONE', #61, 1000.000000000000000 ) ;
#1500 = EDGE_CURVE ( 'NONE', #139, #1783, #635, .T. ) ;
#1501 = EDGE_LOOP ( 'NONE', ( #38, #1409, #4, #604, #92, #799, #1089, #1017 ) ) ;
#1502 = VERTEX_POINT ( 'NONE', #1611 ) ;
#1503 = EDGE_LOOP ( 'NONE', ( #1474, #1200, #1079, #942 ) ) ;
#1504 = EDGE_CURVE ( 'NONE', #1006, #1027, #345, .T. ) ;
#1505 = CARTESIAN_POINT ( 'NONE',  ( -30.00000000000000355, 0.000000000000000000, -28.39999999999999147 ) ) ;
#1506 =( LENGTH_UNIT ( ) NAMED_UNIT ( * ) SI_UNIT ( .MILLI., .METRE. ) );
#1507 = DIRECTION ( 'NONE',  ( 0.000000000000000000, 0.000000000000000000, 1.000000000000000000 ) ) ;
#1508 = CALENDAR_DATE ( 2026, 30, 8 ) ;
#1509 = ORIENTED_EDGE ( 'NONE', *, *, #845, .F. ) ;
#1510 = VERTEX_POINT ( 'NONE', #994 ) ;
#1511 = ORIENTED_EDGE ( 'NONE', *, *, #940, .T. ) ;
#1512 = DIRECTION ( 'NONE',  ( 1.000000000000000000, 0.000000000000000000, -0.000000000000000000 ) ) ;
#1513 = PLANE ( 'NONE',  #407 ) ;
#1514 = PERSON_AND_ORGANIZATION ( #244, #698 ) ;
#1515 = ORIENTED_EDGE ( 'NONE', *, *, #863, .F. ) ;
#1516 = EDGE_LOOP ( 'NONE', ( #936, #1007, #1452, #1184 ) ) ;
#1517 = EDGE_CURVE ( 'NONE', #91, #1455, #1564, .T. ) ;
#1518 = ORIENTED_EDGE ( 'NONE', *, *, #1382, .T. ) ;
#1519 = EDGE_LOOP ( 'NONE', ( #620, #805, #881, #251 ) ) ;
#1520 = EDGE_CURVE ( 'NONE', #1139, #812, #125, .T. ) ;
#1521 = CC_DESIGN_APPROVAL ( #346, ( #260 ) ) ;
#1522 = LINE ( 'NONE', #1657, #1674 ) ;
#1523 = VECTOR ( 'NONE', #1021, 1000.000000000000000 ) ;
#1524 = CARTESIAN_POINT ( 'NONE',  ( 29.99999999999999645, 0.000000000000000000, -28.40000000000000213 ) ) ;
#1525 = DATE_TIME_ROLE ( 'creation_date' ) ;
#1526 = EDGE_LOOP ( 'NONE', ( #1362, #1225, #508, #1227 ) ) ;
#1527 = ORIENTED_EDGE ( 'NONE', *, *, #1423, .T. ) ;
#1528 = VECTOR ( 'NONE', #19, 1000.000000000000000 ) ;
#1529 = VECTOR ( 'NONE', #597, 1000.000000000000000 ) ;
#1530 = AXIS2_PLACEMENT_3D ( 'NONE', #443, #145, #562 ) ;
#1531 = DIRECTION ( 'NONE',  ( -0.000000000000000000, 1.000000000000000000, -0.000000000000000000 ) ) ;
#1532 = PLANE ( 'NONE',  #116 ) ;
#1533 = VERTEX_POINT ( 'NONE', #589 ) ;
#1534 = PLANE ( 'NONE',  #1771 ) ;
#1535 = APPROVAL_DATE_TIME ( #1343, #1659 ) ;
#1536 = FACE_OUTER_BOUND ( 'NONE', #1072, .T. ) ;
#1537 = VERTEX_POINT ( 'NONE', #1147 ) ;
#1538 = VECTOR ( 'NONE', #981, 1000.000000000000000 ) ;
#1539 = AXIS2_PLACEMENT_3D ( 'NONE', #999, #452, #2 ) ;
#1540 = CARTESIAN_POINT ( 'NONE',  ( -25.00000000000000355, 2.000000000000000000, -25.00000000000000000 ) ) ;
#1541 = DIRECTION ( 'NONE',  ( 0.000000000000000000, 0.000000000000000000, 1.000000000000000000 ) ) ;
#1542 = EDGE_LOOP ( 'NONE', ( #517, #391, #638, #557 ) ) ;
#1543 = CARTESIAN_POINT ( 'NONE',  ( 38.00000000000000000, 2.544734893199342096, 1.228794544195689786 ) ) ;
#1544 = CARTESIAN_POINT ( 'NONE',  ( 35.50000000000000000, 2.000000000000000000, -35.50000000000001421 ) ) ;
#1545 = ORIENTED_EDGE ( 'NONE', *, *, #591, .F. ) ;
#1546 = ORIENTED_EDGE ( 'NONE', *, *, #714, .F. ) ;
#1547 = VECTOR ( 'NONE', #1019, 1000.000000000000000 ) ;
#1548 = AXIS2_PLACEMENT_3D ( 'NONE', #1103, #1668, #426 ) ;
#1549 = LINE ( 'NONE', #440, #1808 ) ;
#1550 = FACE_BOUND ( 'NONE', #164, .T. ) ;
#1551 = EDGE_LOOP ( 'NONE', ( #17, #389, #1490, #565 ) ) ;
#1552 = CARTESIAN_POINT ( 'NONE',  ( -36.50000000000000000, 3.536156973926000813, -2.549964439927989268 ) ) ;
#1553 = CARTESIAN_POINT ( 'NONE',  ( -35.50000000000000000, 3.536156973926000813, 2.550035560071011176 ) ) ;
#1554 = ORIENTED_EDGE ( 'NONE', *, *, #1015, .F. ) ;
#1555 = EDGE_CURVE ( 'NONE', #1776, #403, #1582, .T. ) ;
#1556 = ORIENTED_EDGE ( 'NONE', *, *, #1500, .F. ) ;
#1557 = ADVANCED_FACE ( 'NONE', ( #1411 ), #1429, .F. ) ;
#1558 = EDGE_CURVE ( 'NONE', #856, #1073, #160, .T. ) ;
#1559 = VECTOR ( 'NONE', #324, 1000.000000000000000 ) ;
#1560 = PLANE ( 'NONE',  #1539 ) ;
#1561 = DIRECTION ( 'NONE',  ( 1.000000000000000000, 0.000000000000000000, -3.304235192336770581E-16 ) ) ;
#1562 = ORIENTED_EDGE ( 'NONE', *, *, #1603, .F. ) ;
#1563 = LINE ( 'NONE', #1286, #1378 ) ;
#1564 = LINE ( 'NONE', #716, #937 ) ;
#1565 = VERTEX_POINT ( 'NONE', #556 ) ;
#1566 = VERTEX_POINT ( 'NONE', #1262 ) ;
#1567 = CARTESIAN_POINT ( 'NONE',  ( -35.50000000000000000, 0.000000000000000000, 25.00000000000000000 ) ) ;
#1568 = DIRECTION ( 'NONE',  ( -0.000000000000000000, -1.000000000000000000, -0.000000000000000000 ) ) ;
#1569 = PLANE ( 'NONE',  #829 ) ;
#1570 = AXIS2_PLACEMENT_3D ( 'NONE', #1009, #289, #1579 ) ;
#1571 = DIRECTION ( 'NONE',  ( 1.000000000000000000, -0.000000000000000000, -0.000000000000000000 ) ) ;
#1572 = DIRECTION ( 'NONE',  ( 0.000000000000000000, 0.000000000000000000, -1.000000000000000000 ) ) ;
#1573 = CARTESIAN_POINT ( 'NONE',  ( -38.00099999999999767, 2.000000000000002665, -10.00000000000000178 ) ) ;
#1574 = EDGE_LOOP ( 'NONE', ( #1162, #1628, #1694, #496 ) ) ;
#1575 = EDGE_CURVE ( 'NONE', #699, #1533, #582, .T. ) ;
#1576 = EDGE_CURVE ( 'NONE', #1400, #294, #433, .T. ) ;
#1577 = EDGE_CURVE ( 'NONE', #1240, #1586, #1012, .T. ) ;
#1578 = LINE ( 'NONE', #1093, #1529 ) ;
#1579 = DIRECTION ( 'NONE',  ( 0.000000000000000000, 1.697856710296495325E-17, -1.000000000000000000 ) ) ;
#1580 = DIRECTION ( 'NONE',  ( 0.000000000000000000, 1.000000000000000000, 0.000000000000000000 ) ) ;
#1581 = DIRECTION ( 'NONE',  ( -0.000000000000000000, 1.000000000000000000, -0.000000000000000000 ) ) ;
#1582 = LINE ( 'NONE', #1553, #993 ) ;
#1583 = PLANE ( 'NONE',  #1325 ) ;
#1584 = ORIENTED_EDGE ( 'NONE', *, *, #338, .F. ) ;
#1585 = VECTOR ( 'NONE', #1083, 1000.000000000000000 ) ;
#1586 = VERTEX_POINT ( 'NONE', #1138 ) ;
#1587 = DIRECTION ( 'NONE',  ( 1.000000000000000000, -0.000000000000000000, -0.000000000000000000 ) ) ;
#1588 = LINE ( 'NONE', #316, #841 ) ;
#1589 = CARTESIAN_POINT ( 'NONE',  ( -30.00000000000000355, 0.000000000000000000, 30.00000000000001066 ) ) ;
#1590 = VECTOR ( 'NONE', #1712, 1000.000000000000000 ) ;
#1591 = LINE ( 'NONE', #320, #13 ) ;
#1592 = EDGE_CURVE ( 'NONE', #207, #1442, #136, .T. ) ;
#1593 = DIRECTION ( 'NONE',  ( 0.000000000000000000, 1.156482317317871478E-16, 1.000000000000000000 ) ) ;
#1594 = CARTESIAN_POINT ( 'NONE',  ( 29.99999999999999645, 0.000000000000000000, 29.99999999999999645 ) ) ;
#1595 = CARTESIAN_POINT ( 'NONE',  ( -35.50000000000000000, 0.000000000000000000, 25.00000000000000000 ) ) ;
#1596 = ORIENTED_EDGE ( 'NONE', *, *, #1620, .T. ) ;
#1597 = VERTEX_POINT ( 'NONE', #284 ) ;
#1598 = CARTESIAN_POINT ( 'NONE',  ( -35.50000000000000000, 9.000000000000005329, -25.00000000000000000 ) ) ;
#1599 = DIRECTION ( 'NONE',  ( -1.000000000000000000, 0.000000000000000000, 0.000000000000000000 ) ) ;
#1600 = FACE_BOUND ( 'NONE', #700, .T. ) ;
#1601 = DIRECTION ( 'NONE',  ( 0.000000000000000000, 0.000000000000000000, 1.000000000000000000 ) ) ;
#1602 = LINE ( 'NONE', #1330, #1397 ) ;
#1603 = EDGE_CURVE ( 'NONE', #198, #757, #286, .T. ) ;
#1604 = LINE ( 'NONE', #1450, #854 ) ;
#1605 = PLANE ( 'NONE',  #1082 ) ;
#1606 = ORIENTED_EDGE ( 'NONE', *, *, #1738, .T. ) ;
#1607 = CARTESIAN_POINT ( 'NONE',  ( 24.99999999999999645, 0.000000000000000000, 25.00000000000000000 ) ) ;
#1608 = CARTESIAN_POINT ( 'NONE',  ( -35.50000000000000000, 2.000000000000004441, -24.99999999999999645 ) ) ;
#1609 = FACE_BOUND ( 'NONE', #646, .T. ) ;
#1610 = LINE ( 'NONE', #889, #1106 ) ;
#1611 = CARTESIAN_POINT ( 'NONE',  ( 24.99999999999999645, 0.000000000000000000, -35.50000000000001421 ) ) ;
#1612 = PRODUCT_DEFINITION_FORMATION_WITH_SPECIFIED_SOURCE ( '任何', '', #288, .NOT_KNOWN. ) ;
#1613 = EDGE_CURVE ( 'NONE', #27, #1747, #820, .T. ) ;
#1614 = EDGE_CURVE ( 'NONE', #437, #1670, #1289, .T. ) ;
#1615 = VERTEX_POINT ( 'NONE', #563 ) ;
#1616 = DIRECTION ( 'NONE',  ( 0.000000000000000000, 1.000000000000000000, 0.000000000000000000 ) ) ;
#1617 = ADVANCED_FACE ( 'NONE', ( #1253 ), #721, .F. ) ;
#1618 = PLANE ( 'NONE',  #917 ) ;
#1619 = DIRECTION ( 'NONE',  ( 0.000000000000000000, -1.000000000000000000, 0.000000000000000000 ) ) ;
#1620 = EDGE_CURVE ( 'NONE', #256, #1566, #1709, .T. ) ;
#1621 = CARTESIAN_POINT ( 'NONE',  ( 35.49999999999998579, 0.000000000000000000, 25.00000000000000000 ) ) ;
#1622 = VECTOR ( 'NONE', #610, 1000.000000000000000 ) ;
#1623 = AXIS2_PLACEMENT_3D ( 'NONE', #706, #571, #861 ) ;
#1624 = ADVANCED_BREP_SHAPE_REPRESENTATION ( 'box', ( #526, #131 ), #1492 ) ;
#1625 = VECTOR ( 'NONE', #1632, 1000.000000000000000 ) ;
#1626 = VECTOR ( 'NONE', #1571, 1000.000000000000000 ) ;
#1627 = ORIENTED_EDGE ( 'NONE', *, *, #82, .F. ) ;
#1628 = ORIENTED_EDGE ( 'NONE', *, *, #986, .F. ) ;
#1629 = DIRECTION ( 'NONE',  ( 1.000000000000000000, 0.000000000000000000, -1.826024711554534160E-16 ) ) ;
#1630 = DIRECTION ( 'NONE',  ( 0.000000000000000000, 1.000000000000000000, 0.000000000000000000 ) ) ;
#1631 = VECTOR ( 'NONE', #1447, 1000.000000000000000 ) ;
#1632 = DIRECTION ( 'NONE',  ( -0.000000000000000000, 1.000000000000000000, -0.000000000000000000 ) ) ;
#1633 = VECTOR ( 'NONE', #801, 1000.000000000000000 ) ;
#1634 = ORIENTED_EDGE ( 'NONE', *, *, #1265, .T. ) ;
#1635 = ORIENTED_EDGE ( 'NONE', *, *, #974, .F. ) ;
#1636 = ORIENTED_EDGE ( 'NONE', *, *, #1037, .T. ) ;
#1637 = EDGE_CURVE ( 'NONE', #1833, #978, #1176, .T. ) ;
#1638 = ADVANCED_FACE ( 'NONE', ( #985 ), #445, .F. ) ;
#1639 = DIRECTION ( 'NONE',  ( 0.000000000000000000, 0.000000000000000000, 1.000000000000000000 ) ) ;
#1640 = CARTESIAN_POINT ( 'NONE',  ( -38.00000000000000000, 13.00000000000000000, 38.00000000000000000 ) ) ;
#1641 = AXIS2_PLACEMENT_3D ( 'NONE', #1170, #1743, #1042 ) ;
#1642 = FACE_OUTER_BOUND ( 'NONE', #580, .T. ) ;
#1643 = VECTOR ( 'NONE', #1581, 1000.000000000000000 ) ;
#1644 = APPROVAL_STATUS ( 'not_yet_approved' ) ;
#1645 = VERTEX_POINT ( 'NONE', #1182 ) ;
#1646 = ORIENTED_EDGE ( 'NONE', *, *, #957, .F. ) ;
#1647 = VECTOR ( 'NONE', #627, 1000.000000000000000 ) ;
#1648 = ORIENTED_EDGE ( 'NONE', *, *, #922, .T. ) ;
#1649 = DIRECTION ( 'NONE',  ( 1.000000000000000000, -0.000000000000000000, -0.000000000000000000 ) ) ;
#1650 = CARTESIAN_POINT ( 'NONE',  ( -30.00000000000000355, 0.000000000000000000, 31.60000000000000853 ) ) ;
#1651 = ADVANCED_FACE ( 'NONE', ( #1049 ), #323, .F. ) ;
#1652 = FACE_BOUND ( 'NONE', #685, .T. ) ;
#1653 = VECTOR ( 'NONE', #59, 1000.000000000000000 ) ;
#1654 = VERTEX_POINT ( 'NONE', #214 ) ;
#1655 = VERTEX_POINT ( 'NONE', #1043 ) ;
#1656 = ORIENTED_EDGE ( 'NONE', *, *, #1757, .T. ) ;
#1657 = CARTESIAN_POINT ( 'NONE',  ( 35.49999999999998579, 0.000000000000000000, 25.00000000000000000 ) ) ;
#1658 = CARTESIAN_POINT ( 'NONE',  ( -36.50000000000000000, 3.536156973926000813, -2.549964439927989268 ) ) ;
#1659 = APPROVAL ( #539, '未指定' ) ;
#1660 = COORDINATED_UNIVERSAL_TIME_OFFSET ( 8, 0, .AHEAD. ) ;
#1661 = ORIENTED_EDGE ( 'NONE', *, *, #957, .T. ) ;
#1662 = ORIENTED_EDGE ( 'NONE', *, *, #541, .T. ) ;
#1663 = VERTEX_POINT ( 'NONE', #899 ) ;
#1664 = VERTEX_POINT ( 'NONE', #310 ) ;
#1665 = CARTESIAN_POINT ( 'NONE',  ( -35.50000000000000000, 3.536156973926000813, 2.550035560071011176 ) ) ;
#1666 = LINE ( 'NONE', #404, #1054 ) ;
#1667 = COORDINATED_UNIVERSAL_TIME_OFFSET ( 8, 0, .AHEAD. ) ;
#1668 = DIRECTION ( 'NONE',  ( 1.000000000000000000, 0.000000000000000000, 0.000000000000000000 ) ) ;
#1669 = EDGE_LOOP ( 'NONE', ( #186, #1233, #374, #263 ) ) ;
#1670 = VERTEX_POINT ( 'NONE', #204 ) ;
#1671 = PLANE ( 'NONE',  #1046 ) ;
#1672 = LINE ( 'NONE', #1380, #448 ) ;
#1673 = EDGE_LOOP ( 'NONE', ( #1025, #779 ) ) ;
#1674 = VECTOR ( 'NONE', #529, 1000.000000000000000 ) ;
#1675 = DIRECTION ( 'NONE',  ( -0.000000000000000000, 1.000000000000000000, -0.000000000000000000 ) ) ;
#1676 = EDGE_CURVE ( 'NONE', #554, #800, #782, .T. ) ;
#1677 = ORIENTED_EDGE ( 'NONE', *, *, #940, .F. ) ;
#1678 = ORIENTED_EDGE ( 'NONE', *, *, #849, .T. ) ;
#1679 = VECTOR ( 'NONE', #666, 1000.000000000000000 ) ;
#1680 = LINE ( 'NONE', #411, #1148 ) ;
#1681 = CARTESIAN_POINT ( 'NONE',  ( -25.00000000000000000, 2.000000000000000000, 25.00000000000000000 ) ) ;
#1682 = ORIENTED_EDGE ( 'NONE', *, *, #1221, .T. ) ;
#1683 = LINE ( 'NONE', #860, #1643 ) ;
#1684 = CARTESIAN_POINT ( 'NONE',  ( -25.00000000000000355, 0.000000000000000000, -25.00000000000000000 ) ) ;
#1685 = DIRECTION ( 'NONE',  ( 0.000000000000000000, 0.000000000000000000, 1.000000000000000000 ) ) ;
#1686 = VERTEX_POINT ( 'NONE', #602 ) ;
#1687 = CARTESIAN_POINT ( 'NONE',  ( -30.00000000000000355, 0.000000000000000000, 28.40000000000000924 ) ) ;
#1688 = LINE ( 'NONE', #1832, #1538 ) ;
#1689 = VERTEX_POINT ( 'NONE', #915 ) ;
#1690 = CARTESIAN_POINT ( 'NONE',  ( -35.50000000000000000, 2.586156876947001582, 10.25009652019400974 ) ) ;
#1691 = DIRECTION ( 'NONE',  ( -0.000000000000000000, 0.000000000000000000, -1.000000000000000000 ) ) ;
#1692 = EDGE_CURVE ( 'NONE', #1655, #814, #1060, .T. ) ;
#1693 = ADVANCED_FACE ( 'NONE', ( #1335 ), #36, .F. ) ;
#1694 = ORIENTED_EDGE ( 'NONE', *, *, #1834, .T. ) ;
#1695 = ORIENTED_EDGE ( 'NONE', *, *, #1637, .T. ) ;
#1696 = LINE ( 'NONE', #725, #920 ) ;
#1697 = DIRECTION ( 'NONE',  ( 1.000000000000000000, -0.000000000000000000, -0.000000000000000000 ) ) ;
#1698 = ORIENTED_EDGE ( 'NONE', *, *, #1834, .F. ) ;
#1699 = CARTESIAN_POINT ( 'NONE',  ( 35.50000000000000000, 11.42757760567431369, 1.228794544195689786 ) ) ;
#1700 = DIRECTION ( 'NONE',  ( 0.000000000000000000, 0.000000000000000000, 1.000000000000000000 ) ) ;
#1701 = ORIENTED_EDGE ( 'NONE', *, *, #1504, .F. ) ;
#1702 = VECTOR ( 'NONE', #1318, 1000.000000000000000 ) ;
#1703 = DIRECTION ( 'NONE',  ( 0.000000000000000000, 0.000000000000000000, -1.000000000000000000 ) ) ;
#1704 = VECTOR ( 'NONE', #26, 1000.000000000000000 ) ;
#1705 = DIRECTION ( 'NONE',  ( 0.000000000000000000, -0.000000000000000000, 1.000000000000000000 ) ) ;
#1706 = CARTESIAN_POINT ( 'NONE',  ( -38.00000000000000000, 2.036156973925985270, -4.049964439928007032 ) ) ;
#1707 = LINE ( 'NONE', #740, #842 ) ;
#1708 = PRODUCT_DEFINITION_SHAPE ( 'NONE', 'NONE',  #260 ) ;
#1709 = LINE ( 'NONE', #1684, #138 ) ;
#1710 = EDGE_CURVE ( 'NONE', #812, #258, #1610, .T. ) ;
#1711 = EDGE_CURVE ( 'NONE', #928, #258, #1604, .T. ) ;
#1712 = DIRECTION ( 'NONE',  ( -1.000000000000000000, 0.000000000000000000, 0.000000000000000000 ) ) ;
#1713 = EDGE_LOOP ( 'NONE', ( #122, #382, #113, #449 ) ) ;
#1714 = EDGE_LOOP ( 'NONE', ( #381, #951 ) ) ;
#1715 = ADVANCED_FACE ( 'NONE', ( #353 ), #1752, .F. ) ;
#1716 = AXIS2_PLACEMENT_3D ( 'NONE', #430, #1561, #702 ) ;
#1717 = DIRECTION ( 'NONE',  ( -3.304235192336768116E-16, 0.000000000000000000, 1.000000000000000000 ) ) ;
#1718 = CARTESIAN_POINT ( 'NONE',  ( 38.00099999999999767, 10.48615687694600140, 24.75009652019301143 ) ) ;
#1719 = CARTESIAN_POINT ( 'NONE',  ( -30.00000000000000355, 2.000000000000000000, 31.60000000000000853 ) ) ;
#1720 = VECTOR ( 'NONE', #1821, 1000.000000000000000 ) ;
#1721 = FACE_OUTER_BOUND ( 'NONE', #1516, .T. ) ;
#1722 = DIRECTION ( 'NONE',  ( 0.000000000000000000, 1.000000000000000000, 0.000000000000000000 ) ) ;
#1723 = LINE ( 'NONE', #1332, #1137 ) ;
#1724 = ORIENTED_EDGE ( 'NONE', *, *, #1281, .F. ) ;
#1725 = ADVANCED_FACE ( 'NONE', ( #741 ), #908, .F. ) ;
#1726 = CIRCLE ( 'NONE', #518, 1.600000000000000755 ) ;
#1727 = CARTESIAN_POINT ( 'NONE',  ( 35.50000000000000000, 2.000000000000000000, 35.49999999999998579 ) ) ;
#1728 = CARTESIAN_POINT ( 'NONE',  ( 35.50000000000000000, 13.00000000000000000, -35.50000000000001421 ) ) ;
#1729 = CARTESIAN_POINT ( 'NONE',  ( -38.00000000000000000, 0.000000000000000000, 38.00000000000000000 ) ) ;
#1730 = CARTESIAN_POINT ( 'NONE',  ( 35.50000000000000000, 2.544734893199342096, 1.228794544195689786 ) ) ;
#1731 = DIRECTION ( 'NONE',  ( 0.000000000000000000, 0.000000000000000000, 1.000000000000000000 ) ) ;
#1732 = VECTOR ( 'NONE', #1350, 1000.000000000000000 ) ;
#1733 = CARTESIAN_POINT ( 'NONE',  ( -30.00000000000000355, 2.000000000000000000, -28.39999999999999147 ) ) ;
#1734 = LINE ( 'NONE', #49, #911 ) ;
#1735 = EDGE_LOOP ( 'NONE', ( #222, #75, #769, #1278 ) ) ;
#1736 = ORIENTED_EDGE ( 'NONE', *, *, #756, .T. ) ;
#1737 = DIRECTION ( 'NONE',  ( 0.000000000000000000, 1.000000000000000000, 0.000000000000000000 ) ) ;
#1738 = EDGE_CURVE ( 'NONE', #679, #1400, #486, .T. ) ;
#1739 = DIRECTION ( 'NONE',  ( 1.000000000000000000, -0.000000000000000000, -1.826024711554533913E-16 ) ) ;
#1740 = LINE ( 'NONE', #739, #176 ) ;
#1741 = VECTOR ( 'NONE', #592, 1000.000000000000000 ) ;
#1742 = CARTESIAN_POINT ( 'NONE',  ( 38.00000000000000000, 11.42757760567431013, -26.77126387592131351 ) ) ;
#1743 = DIRECTION ( 'NONE',  ( 0.000000000000000000, 1.000000000000000000, 0.000000000000000000 ) ) ;
#1744 = DIRECTION ( 'NONE',  ( -0.5773502691896218453, -0.5773502691896272854, -0.5773502691896280625 ) ) ;
#1745 = FACE_OUTER_BOUND ( 'NONE', #929, .T. ) ;
#1746 = ORIENTED_EDGE ( 'NONE', *, *, #1711, .F. ) ;
#1747 = VERTEX_POINT ( 'NONE', #1733 ) ;
#1748 = DIRECTION ( 'NONE',  ( -0.000000000000000000, -1.000000000000000000, -0.000000000000000000 ) ) ;
#1749 = CARTESIAN_POINT ( 'NONE',  ( -38.00099999999999767, 3.536156973926000813, -2.549964439927989268 ) ) ;
#1750 = CARTESIAN_POINT ( 'NONE',  ( -38.00000000000000000, 2.000000000000002665, -10.00000000000000178 ) ) ;
#1751 = CARTESIAN_POINT ( 'NONE',  ( -36.50000000000000000, 3.536156973926000813, 2.550035560071011176 ) ) ;
#1752 = PLANE ( 'NONE',  #1229 ) ;
#1753 = EDGE_CURVE ( 'NONE', #1006, #856, #642, .T. ) ;
#1754 = DIRECTION ( 'NONE',  ( 0.000000000000000000, 0.000000000000000000, -1.000000000000000000 ) ) ;
#1755 = EDGE_CURVE ( 'NONE', #51, #1510, #1462, .T. ) ;
#1756 = EDGE_LOOP ( 'NONE', ( #282, #1056, #431, #1235 ) ) ;
#1757 = EDGE_CURVE ( 'NONE', #757, #198, #377, .T. ) ;
#1758 = FACE_OUTER_BOUND ( 'NONE', #660, .T. ) ;
#1759 = CARTESIAN_POINT ( 'NONE',  ( 29.99999999999999645, 0.000000000000000000, -31.60000000000000142 ) ) ;
#1760 = FACE_OUTER_BOUND ( 'NONE', #852, .T. ) ;
#1761 = CARTESIAN_POINT ( 'NONE',  ( -25.00000000000000355, 0.000000000000000000, -35.50000000000001421 ) ) ;
#1762 = PLANE ( 'NONE',  #1348 ) ;
#1763 = AXIS2_PLACEMENT_3D ( 'NONE', #250, #86, #224 ) ;
#1764 = EDGE_LOOP ( 'NONE', ( #447, #862, #547, #1053 ) ) ;
#1765 = ORIENTED_EDGE ( 'NONE', *, *, #1164, .F. ) ;
#1766 = CARTESIAN_POINT ( 'NONE',  ( 38.00000000000000000, 2.544734893199339432, -26.77126387592131351 ) ) ;
#1767 = DIRECTION ( 'NONE',  ( 0.000000000000000000, 1.000000000000000000, 0.000000000000000000 ) ) ;
#1768 = CARTESIAN_POINT ( 'NONE',  ( -36.50000000000000000, 3.536156973926000813, 2.550035560071011176 ) ) ;
#1769 = VECTOR ( 'NONE', #760, 1000.000000000000000 ) ;
#1770 = EDGE_CURVE ( 'NONE', #91, #279, #766, .T. ) ;
#1771 = AXIS2_PLACEMENT_3D ( 'NONE', #1727, #955, #1445 ) ;
#1772 = CC_DESIGN_PERSON_AND_ORGANIZATION_ASSIGNMENT ( #824, #1384, ( #260 ) ) ;
#1773 = ORIENTED_EDGE ( 'NONE', *, *, #652, .T. ) ;
#1774 = ORIENTED_EDGE ( 'NONE', *, *, #1676, .T. ) ;
#1775 = EDGE_CURVE ( 'NONE', #1264, #470, #66, .T. ) ;
#1776 = VERTEX_POINT ( 'NONE', #633 ) ;
#1777 = FACE_BOUND ( 'NONE', #1209, .T. ) ;
#1778 = LINE ( 'NONE', #87, #1732 ) ;
#1779 = VECTOR ( 'NONE', #485, 1000.000000000000000 ) ;
#1780 = CARTESIAN_POINT ( 'NONE',  ( -38.00000000000000000, 2.586156876947000249, 24.75009652019301143 ) ) ;
#1781 = SHAPE_DEFINITION_REPRESENTATION ( #1708, #1624 ) ;
#1782 = ORIENTED_EDGE ( 'NONE', *, *, #1738, .F. ) ;
#1783 = VERTEX_POINT ( 'NONE', #173 ) ;
#1784 = ORIENTED_EDGE ( 'NONE', *, *, #1037, .F. ) ;
#1785 = EDGE_CURVE ( 'NONE', #256, #1064, #1189, .T. ) ;
#1786 = FACE_OUTER_BOUND ( 'NONE', #1232, .T. ) ;
#1787 = CARTESIAN_POINT ( 'NONE',  ( -38.00000000000000000, 8.636156973925016800, 38.00000000000000000 ) ) ;
#1788 = VECTOR ( 'NONE', #1469, 1000.000000000000000 ) ;
#1789 = FACE_OUTER_BOUND ( 'NONE', #1501, .T. ) ;
#1790 = AXIS2_PLACEMENT_3D ( 'NONE', #1809, #278, #826 ) ;
#1791 = COORDINATED_UNIVERSAL_TIME_OFFSET ( 8, 0, .AHEAD. ) ;
#1792 = ORIENTED_EDGE ( 'NONE', *, *, #1188, .F. ) ;
#1793 = EDGE_LOOP ( 'NONE', ( #1246, #1217, #1386, #1606 ) ) ;
#1794 = VECTOR ( 'NONE', #931, 1000.000000000000000 ) ;
#1795 = ORIENTED_EDGE ( 'NONE', *, *, #743, .T. ) ;
#1796 = EDGE_CURVE ( 'NONE', #1027, #403, #1778, .T. ) ;
#1797 = CARTESIAN_POINT ( 'NONE',  ( 29.99999999999999645, 0.000000000000000000, 29.99999999999999645 ) ) ;
#1798 = CARTESIAN_POINT ( 'NONE',  ( -36.50000000000000000, 7.136156973925001701, -2.549964439927989268 ) ) ;
#1799 = PERSON_AND_ORGANIZATION_ROLE ( 'design_supplier' ) ;
#1800 = VECTOR ( 'NONE', #1420, 1000.000000000000000 ) ;
#1801 = ORIENTED_EDGE ( 'NONE', *, *, #1221, .F. ) ;
#1802 = ORIENTED_EDGE ( 'NONE', *, *, #444, .T. ) ;
#1803 = ORIENTED_EDGE ( 'NONE', *, *, #806, .F. ) ;
#1804 = CARTESIAN_POINT ( 'NONE',  ( -38.00099999999999767, 11.42757760567431369, 26.77163725666866156 ) ) ;
#1805 = CARTESIAN_POINT ( 'NONE',  ( -35.50000000000000000, 2.000000000000000000, 35.49999999999999289 ) ) ;
#1806 = EDGE_CURVE ( 'NONE', #1400, #1597, #219, .T. ) ;
#1807 = ORIENTED_EDGE ( 'NONE', *, *, #1224, .T. ) ;
#1808 = VECTOR ( 'NONE', #711, 1000.000000000000000 ) ;
#1809 = CARTESIAN_POINT ( 'NONE',  ( 29.99999999999999645, 0.000000000000000000, 29.99999999999999645 ) ) ;
#1810 = ORIENTED_EDGE ( 'NONE', *, *, #397, .T. ) ;
#1811 = ORIENTED_EDGE ( 'NONE', *, *, #848, .F. ) ;
#1812 = EDGE_CURVE ( 'NONE', #1073, #90, #78, .T. ) ;
#1813 = CARTESIAN_POINT ( 'NONE',  ( -35.50000000000000000, 2.000000000000000000, -35.50000000000000711 ) ) ;
#1814 = PLANE ( 'NONE',  #358 ) ;
#1815 = ORIENTED_EDGE ( 'NONE', *, *, #608, .F. ) ;
#1816 = CARTESIAN_POINT ( 'NONE',  ( -36.50000000000000000, 7.136156973925001701, 2.550035560071010732 ) ) ;
#1817 = APPLICATION_PROTOCOL_DEFINITION ( 'international standard', 'config_control_design', 1994, #205 ) ;
#1818 = VERTEX_POINT ( 'NONE', #1204 ) ;
#1819 = EDGE_LOOP ( 'NONE', ( #694, #16, #618, #50 ) ) ;
#1820 = APPROVAL_PERSON_ORGANIZATION ( #1206, #1052, #372 ) ;
#1821 = DIRECTION ( 'NONE',  ( -0.000000000000000000, 1.000000000000000000, -0.000000000000000000 ) ) ;
#1822 = PLANE ( 'NONE',  #1716 ) ;
#1823 = ORIENTED_EDGE ( 'NONE', *, *, #1243, .F. ) ;
#1824 = VECTOR ( 'NONE', #1075, 1000.000000000000000 ) ;
#1825 = CARTESIAN_POINT ( 'NONE',  ( -38.00099999999999767, 11.42757760567431369, 1.228794544195689786 ) ) ;
#1826 = CARTESIAN_POINT ( 'NONE',  ( -38.00099999999999767, 11.42757760567431013, -26.77126387592131351 ) ) ;
#1827 = AXIS2_PLACEMENT_3D ( 'NONE', #835, #1120, #1129 ) ;
#1828 = ORIENTED_EDGE ( 'NONE', *, *, #1256, .T. ) ;
#1829 = EDGE_CURVE ( 'NONE', #1686, #644, #1487, .T. ) ;
#1830 = EDGE_CURVE ( 'NONE', #1645, #804, #1251, .T. ) ;
#1831 = PLANE ( 'NONE',  #1570 ) ;
#1832 = CARTESIAN_POINT ( 'NONE',  ( 24.99999999999999645, 2.000000000000000000, 35.50000000000002132 ) ) ;
#1833 = VERTEX_POINT ( 'NONE', #225 ) ;
#1834 = EDGE_CURVE ( 'NONE', #840, #978, #795, .T. ) ;
#1835 = CARTESIAN_POINT ( 'NONE',  ( -38.00000000000000000, 8.636156973925016800, 4.050035560071024499 ) ) ;
#1836 = CARTESIAN_POINT ( 'NONE',  ( -35.50000000000000000, 3.536156973926000813, -2.549964439927989268 ) ) ;
#1837 = ORIENTED_EDGE ( 'NONE', *, *, #1785, .F. ) ;
ENDSEC;
END-ISO-10303-21;
